Date,funding_rate
2016-05-14,0.00069
2016-05-15,0.000516
2016-05-16,0.000451
2016-05-17,0.000454
2016-05-18,0.000443
2016-05-19,0.000427
2016-05-20,0.000424
2016-05-21,0.00042
2016-05-22,0.0004
2016-05-23,0.000354
2016-05-24,0.000373
2016-05-25,0.000318
2016-05-26,0.000325
2016-05-27,0.000342
2016-05-28,0.00035
2016-05-29,0.002588
2016-05-30,0.007046
2016-05-31,0.00296
2016-06-01,0.001285
2016-06-02,0.000974
2016-06-03,0.000934
2016-06-04,0.0005188333333
2016-06-05,0.000238
2016-06-06,0.0002386666667
2016-06-07,0.0002062222222
2016-06-08,0.0001766666667
2016-06-09,0.0001717777778
2016-06-10,0.000152
2016-06-11,0.0002614444444
2016-06-12,0.001670666667
2016-06-13,0.009028
2016-06-14,0.007866
2016-06-15,0.000988
2016-06-16,0.004454
2016-06-17,0.009428
2016-06-18,0.005343333333
2016-06-19,0.001512333333
2016-06-20,0.001891333333
2016-06-21,-0.0006076666667
2016-06-22,0.001633666667
2016-06-23,0.001967
2016-06-24,-0.000543
2016-06-25,0.001317666667
2016-06-26,0.000417
2016-06-27,0.00047
2016-06-28,0.000293
2016-06-29,9.6e-05
2016-06-30,0.002002666667
2016-07-01,0.002139333333
2016-07-02,0.0008916666667
2016-07-03,0.0007413333333
2016-07-04,-9e-06
2016-07-05,-0.0006113333333
2016-07-06,-0.000556
2016-07-07,0.00092
2016-07-08,-0.001782666667
2016-07-09,-0.001177333333
2016-07-10,-0.000543
2016-07-11,-0.000115
2016-07-12,-0.0003023333333
2016-07-13,0.000349
2016-07-14,-0.0003746666667
2016-07-15,8.7e-05
2016-07-16,-0.000418
2016-07-17,-0.0009403333333
2016-07-18,0.001094666667
2016-07-19,0.000654
2016-07-20,0.0003853333333
2016-07-21,-9.7e-05
2016-07-22,0.0001743333333
2016-07-23,4e-06
2016-07-24,0.0002583333333
2016-07-25,-8.3e-05
2016-07-26,-0.0001053333333
2016-07-27,-0.0001513333333
2016-07-28,0.0007126666667
2016-07-29,-0.0001546666667
2016-07-30,7.2e-05
2016-07-31,-0.0005913333333
2016-08-01,-0.0008006666667
2016-08-02,-0.000975
2016-08-03,-0.005455
2016-08-04,-0.003441666667
2016-08-05,-0.002471
2016-08-06,-0.002781666667
2016-08-07,-0.0002726666667
2016-08-08,-0.0004846666667
2016-08-09,-9.033333333e-05
2016-08-10,0.0006156666667
2016-08-11,-7.8e-05
2016-08-12,-7.8e-05
2016-08-13,-6e-05
2016-08-14,-0.000205
2016-08-15,-0.001762333333
2016-08-16,-0.000372
2016-08-17,-0.000501
2016-08-18,0.0007226666667
2016-08-19,0.000726
2016-08-20,0.0001203333333
2016-08-21,0.0005076666667
2016-08-22,-0.000104
2016-08-23,0.0005663333333
2016-08-24,0.000818
2016-08-25,-0.00048
2016-08-26,0.001043666667
2016-08-27,-1.6e-05
2016-08-28,-0.000108
2016-08-29,0.0001413333333
2016-08-30,-0.000236
2016-08-31,0.000654
2016-09-01,0.002425666667
2016-09-02,-0.0005193333333
2016-09-03,0.0002713333333
2016-09-04,0.0003623333333
2016-09-05,0.002344333333
2016-09-06,0.0008246666667
2016-09-07,0.001469333333
2016-09-08,-0.0005013333333
2016-09-09,0.002608333333
2016-09-10,0.0006953333333
2016-09-11,0.001495333333
2016-09-12,0.000185
2016-09-13,-2.766666667e-05
2016-09-14,-0.000378
2016-09-15,-0.0003743333333
2016-09-16,-5.166666667e-05
2016-09-17,-8e-06
2016-09-18,-4.866666667e-05
2016-09-19,0.000284
2016-09-20,-4.7e-05
2016-09-21,-0.0004406666667
2016-09-22,-0.0009236666667
2016-09-23,-0.0002166666667
2016-09-24,0.000566
2016-09-25,9.2e-05
2016-09-26,0.000314
2016-09-27,0.001156333333
2016-09-28,0.0005493333333
2016-09-29,0.0002006666667
2016-09-30,0.00046
2016-10-01,0.001384333333
2016-10-02,0.001066666667
2016-10-03,-0.0001093333333
2016-10-04,0.00013
2016-10-05,0.000231
2016-10-06,0.0001696666667
2016-10-07,0.0003063333333
2016-10-08,0.0002643333333
2016-10-09,0.0003103333333
2016-10-10,0.001063
2016-10-11,0.0007386666667
2016-10-12,0.001283666667
2016-10-13,-0.00046
2016-10-14,0.0002203333333
2016-10-15,0.001061666667
2016-10-16,6e-06
2016-10-17,0.0002156666667
2016-10-18,-0.000289
2016-10-19,7.2e-05
2016-10-20,-0.000936
2016-10-21,4.366666667e-05
2016-10-22,6.033333333e-05
2016-10-23,0.003153
2016-10-24,0.00375
2016-10-25,0.001504
2016-10-26,0.001347666667
2016-10-27,0.0007173333333
2016-10-28,0.00061
2016-10-29,0.001829333333
2016-10-30,0.00073
2016-10-31,0.0001913333333
2016-11-01,0.001446
2016-11-02,0.00375
2016-11-03,0.002463
2016-11-04,0.000322
2016-11-05,4.233333333e-05
2016-11-06,0.001054666667
2016-11-07,-0.000145
2016-11-08,-0.0003966666667
2016-11-09,0.0007866666667
2016-11-10,0.001327333333
2016-11-11,0.001360333333
2016-11-12,0.0001586666667
2016-11-13,0.000111
2016-11-14,0.0001106666667
2016-11-15,0.0002723333333
2016-11-16,0.0002213333333
2016-11-17,0.003546666667
2016-11-18,0.001385
2016-11-19,0.001139
2016-11-20,0.0001566666667
2016-11-21,3.666666667e-06
2016-11-22,-1.933333333e-05
2016-11-23,0.000892
2016-11-24,0.000306
2016-11-25,-0.000167
2016-11-26,-0.0004383333333
2016-11-27,0.0002553333333
2016-11-28,0.0002763333333
2016-11-29,-0.0001393333333
2016-11-30,-0.000152
2016-12-01,0.000332
2016-12-02,0.001182666667
2016-12-03,0.0006006666667
2016-12-04,0.0004896666667
2016-12-05,0.001508
2016-12-06,0.0004
2016-12-07,-0.0002883333333
2016-12-08,-0.000401
2016-12-09,9.5e-05
2016-12-10,0.000155
2016-12-11,0.0004923333333
2016-12-12,1.833333333e-05
2016-12-13,0.0006483333333
2016-12-14,-0.0001326666667
2016-12-15,-0.0001263333333
2016-12-16,0.0008076666667
2016-12-17,0.000132
2016-12-18,0.0001516666667
2016-12-19,-0.0001686666667
2016-12-20,-4.833333333e-05
2016-12-21,0.0002756666667
2016-12-22,0.001308
2016-12-23,0.001304333333
2016-12-24,0.002387333333
2016-12-25,-0.000284
2016-12-26,0.001537666667
2016-12-27,0.001765
2016-12-28,0.002430666667
2016-12-29,-4.033333333e-05
2016-12-30,-9.666666667e-05
2016-12-31,-0.000421
2017-01-01,0.001115666667
2017-01-02,0.001891666667
2017-01-03,0.001352
2017-01-04,0.001413666667
2017-01-05,0.00375
2017-01-06,-0.000352
2017-01-07,-0.0004136666667
2017-01-08,-0.0001086666667
2017-01-09,-0.0006813333333
2017-01-10,0.0002236666667
2017-01-11,-0.000925
2017-01-12,-0.001604666667
2017-01-13,-0.001533
2017-01-14,0.000411
2017-01-15,-0.001362666667
2017-01-16,0.000245
2017-01-17,0.0002313333333
2017-01-18,-0.0001846666667
2017-01-19,-0.001299
2017-01-20,-3.5e-05
2017-01-21,0.000913
2017-01-22,0.000887
2017-01-23,-0.001189
2017-01-24,-0.001951333333
2017-01-25,-0.002292
2017-01-26,-0.0006293333333
2017-01-27,-0.000209
2017-01-28,-0.000433
2017-01-29,7.9e-05
2017-01-30,-0.000103
2017-01-31,-0.0006116666667
2017-02-01,0.0008146666667
2017-02-02,-0.0001293333333
2017-02-03,-0.00016
2017-02-04,-0.0008566666667
2017-02-05,0.001676666667
2017-02-06,0.000868
2017-02-07,6.6e-05
2017-02-08,-1e-05
2017-02-09,-7.966666667e-05
2017-02-10,-0.002534
2017-02-11,0.0001776666667
2017-02-12,-0.0002773333333
2017-02-13,0.0007496666667
2017-02-14,-0.0004493333333
2017-02-15,0.001202
2017-02-16,0.001068
2017-02-17,0.00087
2017-02-18,0.0008406666667
2017-02-19,8.866666667e-05
2017-02-20,0.0003866666667
2017-02-21,0.001461666667
2017-02-22,0.002876
2017-02-23,0.0007086666667
2017-02-24,0.003539333333
2017-02-25,0.000674
2017-02-26,0.000545
2017-02-27,0.0005626666667
2017-02-28,0.0007716666667
2017-03-01,0.000133
2017-03-02,0.000618
2017-03-03,0.0001123333333
2017-03-04,0.000361
2017-03-05,0.001737333333
2017-03-06,0.002260333333
2017-03-07,0.0004773333333
2017-03-08,0.0002983333333
2017-03-09,9.133333333e-05
2017-03-10,9.733333333e-05
2017-03-11,-0.001294333333
2017-03-12,-0.001322
2017-03-13,-0.000217
2017-03-14,7e-06
2017-03-15,5.233333333e-05
2017-03-16,-0.000401
2017-03-17,-8.6e-05
2017-03-18,-0.001150666667
2017-03-19,-0.003747
2017-03-20,-0.0008286666667
2017-03-21,-0.0001933333333
2017-03-22,-0.001096
2017-03-23,-0.000513
2017-03-24,-0.0007933333333
2017-03-25,-0.001159
2017-03-26,4.233333333e-05
2017-03-27,-0.0004656666667
2017-03-28,-0.0001873333333
2017-03-29,-0.0004006666667
2017-03-30,-9.166666667e-05
2017-03-31,1.266666667e-05
2017-04-01,0.0001123333333
2017-04-02,-3.333333333e-05
2017-04-03,-5.2e-05
2017-04-04,-0.001585
2017-04-05,-0.001498
2017-04-06,-0.0007056666667
2017-04-07,-0.0004733333333
2017-04-08,-0.0009833333333
2017-04-09,-0.001166
2017-04-10,0.001132333333
2017-04-11,0.0001936666667
2017-04-12,-8.333333333e-05
2017-04-13,-0.000369
2017-04-14,-0.001269
2017-04-15,0.000407
2017-04-16,-1.6e-05
2017-04-17,0.0002333333333
2017-04-18,0.0004296666667
2017-04-19,-3.166666667e-05
2017-04-20,-0.000437
2017-04-21,0.001865
2017-04-22,0.0009683333333
2017-04-23,0.0003743333333
2017-04-24,8.666666667e-05
2017-04-25,-8.333333333e-05
2017-04-26,0.001193
2017-04-27,0.000932
2017-04-28,0.001208666667
2017-04-29,-0.000247
2017-04-30,0.0002806666667
2017-05-01,0.000863
2017-05-02,0.003606666667
2017-05-03,0.0007203333333
2017-05-04,-0.001064666667
2017-05-05,-5.433333333e-05
2017-05-06,-0.001446666667
2017-05-07,-9.633333333e-05
2017-05-08,0.002533333333
2017-05-09,0.003196
2017-05-10,0.001176333333
2017-05-11,-0.0004763333333
2017-05-12,0.002641333333
2017-05-13,0.002473333333
2017-05-14,0.001699
2017-05-15,0.001058
2017-05-16,0.001681666667
2017-05-17,0.003048333333
2017-05-18,0.00375
2017-05-19,0.00368
2017-05-20,6.666666667e-07
2017-05-21,0.003681333333
2017-05-22,0.001872666667
2017-05-23,0.001812
2017-05-24,0.000861
2017-05-25,0.002585333333
2017-05-26,0.001236
2017-05-27,-0.002077
2017-05-28,0.001793
2017-05-29,-0.0006116666667
2017-05-30,0.002529
2017-05-31,0.0003783333333
2017-06-01,0.0002626666667
2017-06-02,0.0004236666667
2017-06-03,0.002264333333
2017-06-04,0.00024
2017-06-05,0.001282
2017-06-06,0.00375
2017-06-07,0.00375
2017-06-08,0.000963
2017-06-09,0.002084666667
2017-06-10,0.0002843333333
2017-06-11,0.003135666667
2017-06-12,0.003070666667
2017-06-13,-0.001113
2017-06-14,-0.0007303333333
2017-06-15,-0.003097333333
2017-06-16,-0.001973
2017-06-17,-0.003308333333
2017-06-18,-0.0001633333333
2017-06-19,-6.033333333e-05
2017-06-20,0.0002893333333
2017-06-21,0.001306
2017-06-22,0.00058
2017-06-23,3.833333333e-05
2017-06-24,0.0001416666667
2017-06-25,-0.001249333333
2017-06-26,-0.000585
2017-06-27,-0.0007703333333
2017-06-28,-0.003642333333
2017-06-29,-0.003167333333
2017-06-30,-0.001585333333
2017-07-01,-0.001881333333
2017-07-02,-0.001916
2017-07-03,-0.001052
2017-07-04,0.0009036666667
2017-07-05,-0.0003366666667
2017-07-06,-1.3e-05
2017-07-07,-0.0008806666667
2017-07-08,-0.000617
2017-07-09,-0.0007813333333
2017-07-10,-0.000909
2017-07-11,-0.0004063333333
2017-07-12,-0.000715
2017-07-13,-0.001026
2017-07-14,-0.001647333333
2017-07-15,-0.00133
2017-07-16,0.001168666667
2017-07-17,0.001558
2017-07-18,0.0002313333333
2017-07-19,-0.001077666667
2017-07-20,-0.000829
2017-07-21,0.0005616666667
2017-07-22,0.001845666667
2017-07-23,0.001196333333
2017-07-24,-4.266666667e-05
2017-07-25,0.0009613333333
2017-07-26,-0.001158666667
2017-07-27,-0.000841
2017-07-28,-0.002059333333
2017-07-29,-0.0007313333333
2017-07-30,-0.002541
2017-07-31,-0.003255666667
2017-08-01,-0.00306
2017-08-02,-0.001853333333
2017-08-03,-0.0004003333333
2017-08-04,7.433333333e-05
2017-08-05,0.001595666667
2017-08-06,0.003116
2017-08-07,0.001338666667
2017-08-08,0.000405
2017-08-09,3.066666667e-05
2017-08-10,3.333333333e-06
2017-08-11,-0.0006726666667
2017-08-12,-0.0002193333333
2017-08-13,0.0009056666667
2017-08-14,0.001899
2017-08-15,0.001614333333
2017-08-16,0.0002546666667
2017-08-17,0.002104666667
2017-08-18,0.0003933333333
2017-08-19,-0.0008343333333
2017-08-20,0.002808666667
2017-08-21,0.0008873333333
2017-08-22,-0.001151
2017-08-23,0.00068
2017-08-24,0.001504333333
2017-08-25,0.0008493333333
2017-08-26,0.0003423333333
2017-08-27,-5.733333333e-05
2017-08-28,-0.0001196666667
2017-08-29,-0.0001276666667
2017-08-30,0.002839666667
2017-08-31,0.0009416666667
2017-09-01,0.0001266666667
2017-09-02,0.000272
2017-09-03,-0.001423666667
2017-09-04,-0.001721333333
2017-09-05,-0.002750333333
2017-09-06,-5e-05
2017-09-07,-3.233333333e-05
2017-09-08,0.0001
2017-09-09,-0.003100333333
2017-09-10,-0.00115
2017-09-11,-0.0002656666667
2017-09-12,-8.4e-05
2017-09-13,-0.002046
2017-09-14,-0.0005556666667
2017-09-15,-0.000592
2017-09-16,-0.002521
2017-09-17,-0.0008433333333
2017-09-18,0.0006323333333
2017-09-19,9.1e-05
2017-09-20,-0.0004343333333
2017-09-21,-0.0001986666667
2017-09-22,-0.001441
2017-09-23,-0.0006983333333
2017-09-24,-0.000734
2017-09-25,-0.000962
2017-09-26,0.001351666667
2017-09-27,0.000668
2017-09-28,0.000306
2017-09-29,0.001105
2017-09-30,0.0021
2017-10-01,-0.0001486666667
2017-10-02,0.000402
2017-10-03,-0.000367
2017-10-04,-0.0007836666667
2017-10-05,-0.00098
2017-10-06,0.000219
2017-10-07,0.0003106666667
2017-10-08,0.001299666667
2017-10-09,0.000328
2017-10-10,0.002819
2017-10-11,0.00284
2017-10-12,0.001771
2017-10-13,0.003704666667
2017-10-14,0.00375
2017-10-15,0.00375
2017-10-16,0.000787
2017-10-17,0.001412666667
2017-10-18,0.0002003333333
2017-10-19,0.0008106666667
2017-10-20,0.0002193333333
2017-10-21,0.003150666667
2017-10-22,-0.0003576666667
2017-10-23,-0.000203
2017-10-24,-0.001177666667
2017-10-25,-0.000487
2017-10-26,-0.0007376666667
2017-10-27,5.333333333e-06
2017-10-28,-0.001697
2017-10-29,-0.0006653333333
2017-10-30,0.002211666667
2017-10-31,0.000408
2017-11-01,0.0001583333333
2017-11-02,-0.002035
2017-11-03,0.0003776666667
2017-11-04,-0.001227333333
2017-11-05,0.0004993333333
2017-11-06,-0.000184
2017-11-07,-0.001769
2017-11-08,-0.000545
2017-11-09,0.000278
2017-11-10,-0.0002596666667
2017-11-11,-0.001773333333
2017-11-12,-0.000638
2017-11-13,-0.000825
2017-11-14,-0.001884666667
2017-11-15,-0.001743333333
2017-11-16,-0.0005363333333
2017-11-17,0.001819
2017-11-18,0.0003376666667
2017-11-19,0.001717
2017-11-20,0.003015666667
2017-11-21,0.001072333333
2017-11-22,0.0001386666667
2017-11-23,-0.0007156666667
2017-11-24,-0.002066666667
2017-11-25,0.000835
2017-11-26,-6.533333333e-05
2017-11-27,0.002961666667
2017-11-28,0.001059333333
2017-11-29,0.002571666667
2017-11-30,0.001316666667
2017-12-01,-0.00115
2017-12-02,0.002159666667
2017-12-03,0.0008976666667
2017-12-04,0.001385
2017-12-05,0.001107666667
2017-12-06,0.000584
2017-12-07,-0.001535
2017-12-08,0.001175333333
2017-12-09,0.00375
2017-12-10,0.002204666667
2017-12-11,0.00375
2017-12-12,0.00375
2017-12-13,0.002859333333
2017-12-14,0.002773
2017-12-15,0.003091666667
2017-12-16,0.00375
2017-12-17,0.00375
2017-12-18,0.002899
2017-12-19,0.002626333333
2017-12-20,-0.000467
2017-12-21,0.001745
2017-12-22,0.001093333333
2017-12-23,-0.002433333333
2017-12-24,-0.00375
2017-12-25,-0.002573333333
2017-12-26,-0.0025
2017-12-27,0.00375
2017-12-28,0.000776
2017-12-29,0.001066
2017-12-30,-0.001475333333
2017-12-31,-0.003018
2018-01-01,0.001092333333
2018-01-02,0.0007043333333
2018-01-03,0.003266
2018-01-04,0.001296333333
2018-01-05,0.001758
2018-01-06,0.0007613333333
2018-01-07,0.002664333333
2018-01-08,0.001848
2018-01-09,0.0003356666667
2018-01-10,0.0001016666667
2018-01-11,0.0005086666667
2018-01-12,0.0001713333333
2018-01-13,0.001442666667
2018-01-14,0.000404
2018-01-15,0.0002093333333
2018-01-16,-0.000948
2018-01-17,-0.002886666667
2018-01-18,-0.000204
2018-01-19,-0.000928
2018-01-20,3.766666667e-05
2018-01-21,-0.0005596666667
2018-01-22,-0.0008996666667
2018-01-23,-0.002239666667
2018-01-24,0.0001146666667
2018-01-25,0.0001
2018-01-26,-5.333333333e-05
2018-01-27,0.0009276666667
2018-01-28,0.002776666667
2018-01-29,0.003058
2018-01-30,0.0004213333333
2018-01-31,-0.001971666667
2018-02-01,-0.001295
2018-02-02,0.0005176666667
2018-02-03,-0.001025
2018-02-04,-0.0004383333333
2018-02-05,-0.002183
2018-02-06,-0.001160333333
2018-02-07,-0.001963
2018-02-08,-0.001186
2018-02-09,-0.001308333333
2018-02-10,-0.0003743333333
2018-02-11,-0.00155
2018-02-12,0.000378
2018-02-13,-0.0001276666667
2018-02-14,-4.566666667e-05
2018-02-15,-4.2e-05
2018-02-16,-0.0005436666667
2018-02-17,3.866666667e-05
2018-02-18,8.333333333e-06
2018-02-19,1.8e-05
2018-02-20,0.0006593333333
2018-02-21,-0.000392
2018-02-22,-9.666666667e-06
2018-02-23,3.8e-05
2018-02-24,-0.0009476666667
2018-02-25,-0.001085
2018-02-26,-0.0006656666667
2018-02-27,0.000199
2018-02-28,0.0007436666667
2018-03-01,0.0001
2018-03-02,0.001304333333
2018-03-03,0.000835
2018-03-04,0.0006516666667
2018-03-05,0.001240333333
2018-03-06,0.000576
2018-03-07,0.0004923333333
2018-03-08,-0.001225
2018-03-09,-0.000903
2018-03-10,-0.001715666667
2018-03-11,-0.002506666667
2018-03-12,0.000105
2018-03-13,-0.0007493333333
2018-03-14,-0.000328
2018-03-15,-0.00136
2018-03-16,-0.001331666667
2018-03-17,-0.000626
2018-03-18,-0.0006546666667
2018-03-19,-0.0001026666667
2018-03-20,-2.766666667e-05
2018-03-21,-5.233333333e-05
2018-03-22,0.0001133333333
2018-03-23,0.0001143333333
2018-03-24,0.0001
2018-03-25,-5.6e-05
2018-03-26,-8.033333333e-05
2018-03-27,-0.0005733333333
2018-03-28,-0.0004423333333
2018-03-29,0.0001
2018-03-30,-0.002433333333
2018-03-31,-0.001411666667
2018-04-01,-0.001605333333
2018-04-02,-0.0001576666667
2018-04-03,-0.000123
2018-04-04,0.0001543333333
2018-04-05,-0.0009683333333
2018-04-06,-0.000761
2018-04-07,-0.000651
2018-04-08,7.866666667e-05
2018-04-09,-4.266666667e-05
2018-04-10,-0.001451666667
2018-04-11,-0.001125333333
2018-04-12,-0.000196
2018-04-13,0.0001983333333
2018-04-14,-0.00013
2018-04-15,-9.7e-05
2018-04-16,0.0001
2018-04-17,0.0001006666667
2018-04-18,0.0001
2018-04-19,-1.933333333e-05
2018-04-20,-0.0002803333333
2018-04-21,0.000341
2018-04-22,0.0001
2018-04-23,0.0001
2018-04-24,9.066666667e-05
2018-04-25,0.001653666667
2018-04-26,0.001008
2018-04-27,0.000404
2018-04-28,0.0003033333333
2018-04-29,0.001277333333
2018-04-30,0.000365
2018-05-01,0.0005863333333
2018-05-02,0.0001
2018-05-03,0.000831
2018-05-04,0.00276
2018-05-05,0.001517666667
2018-05-06,0.002841
2018-05-07,0.001509666667
2018-05-08,0.000211
2018-05-09,0.000811
2018-05-10,0.0003126666667
2018-05-11,0.0002046666667
2018-05-12,0.0001
2018-05-13,-7.866666667e-05
2018-05-14,-0.00013
2018-05-15,0.0001
2018-05-16,-0.0002423333333
2018-05-17,0.0001
2018-05-18,0.000188
2018-05-19,7.1e-05
2018-05-20,0.0001
2018-05-21,0.0001086666667
2018-05-22,0.0003736666667
2018-05-23,0.0003376666667
2018-05-24,-0.0001296666667
2018-05-25,-0.0002553333333
2018-05-26,0.0001
2018-05-27,-0.0002056666667
2018-05-28,-0.0001643333333
2018-05-29,0.0002443333333
2018-05-30,0.0001206666667
2018-05-31,7.7e-05
2018-06-01,0.0001
2018-06-02,0.0001
2018-06-03,-0.000117
2018-06-04,-2.233333333e-05
2018-06-05,0.0001
2018-06-06,0.000271
2018-06-07,0.0001903333333
2018-06-08,0.00017
2018-06-09,0.0002556666667
2018-06-10,0.000331
2018-06-11,-0.001128333333
2018-06-12,-0.00042
2018-06-13,6.033333333e-05
2018-06-14,-0.0004086666667
2018-06-15,-0.0006053333333
2018-06-16,-0.0006503333333
2018-06-17,-0.0008693333333
2018-06-18,-7.733333333e-05
2018-06-19,-5.966666667e-05
2018-06-20,-0.000478
2018-06-21,-0.0003476666667
2018-06-22,-4.1e-05
2018-06-23,-0.001978333333
2018-06-24,-0.001119666667
2018-06-25,7.333333333e-05
2018-06-26,-4.833333333e-05
2018-06-27,0.0001
2018-06-28,8.9e-05
2018-06-29,-3.133333333e-05
2018-06-30,0.0001
2018-07-01,0.0001
2018-07-02,0.0001056666667
2018-07-03,-2.233333333e-05
2018-07-04,9.166666667e-05
2018-07-05,0.0001
2018-07-06,0.0001
2018-07-07,0.0001
2018-07-08,0.0001
2018-07-09,3.6e-05
2018-07-10,0.0001
2018-07-11,0.0001
2018-07-12,-4.133333333e-05
2018-07-13,-4.5e-05
2018-07-14,2e-05
2018-07-15,-0.000301
2018-07-16,-0.000362
2018-07-17,5.866666667e-05
2018-07-18,0.0001406666667
2018-07-19,0.0001
2018-07-20,0.0001
2018-07-21,0.0001
2018-07-22,0.0001
2018-07-23,0.0001
2018-07-24,1.1e-05
2018-07-25,0.0002343333333
2018-07-26,0.0006296666667
2018-07-27,0.0006193333333
2018-07-28,0.0006036666667
2018-07-29,0.0006816666667
2018-07-30,0.0007766666667
2018-07-31,0.0008833333333
2018-08-01,0.0001
2018-08-02,0.0001
2018-08-03,0.0001
2018-08-04,0.0001
2018-08-05,-0.0002503333333
2018-08-06,-0.0001506666667
2018-08-07,0.0001
2018-08-08,-0.0004693333333
2018-08-09,-0.001033666667
2018-08-10,-0.0004446666667
2018-08-11,-0.0005756666667
2018-08-12,3.633333333e-05
2018-08-13,-2.266666667e-05
2018-08-14,-0.0008146666667
2018-08-15,-0.000464
2018-08-16,-0.0003823333333
2018-08-17,-0.0003373333333
2018-08-18,-0.0004803333333
2018-08-19,-0.0006683333333
2018-08-20,-0.0001293333333
2018-08-21,-0.000374
2018-08-22,3.333333333e-07
2018-08-23,-0.0003683333333
2018-08-24,-0.0002533333333
2018-08-25,-0.0001383333333
2018-08-26,4.333333333e-05
2018-08-27,-0.0001476666667
2018-08-28,0.0001
2018-08-29,0.0001
2018-08-30,0.0001053333333
2018-08-31,0.0001
2018-09-01,0.0001073333333
2018-09-02,0.000171
2018-09-03,0.0001
2018-09-04,0.0001
2018-09-05,0.0001
2018-09-06,-0.0003256666667
2018-09-07,-0.0003833333333
2018-09-08,-0.000164
2018-09-09,-0.000293
2018-09-10,-0.0005936666667
2018-09-11,-0.000229
2018-09-12,-8.9e-05
2018-09-13,-0.0003246666667
2018-09-14,-0.000562
2018-09-15,-0.0004876666667
2018-09-16,-0.0001973333333
2018-09-17,-4.633333333e-05
2018-09-18,-9.7e-05
2018-09-19,-1.6e-05
2018-09-20,-5.3e-05
2018-09-21,-0.000274
2018-09-22,7.333333333e-05
2018-09-23,0.0001
2018-09-24,0.0001036666667
2018-09-25,0.0001
2018-09-26,-1.533333333e-05
2018-09-27,3.966666667e-05
2018-09-28,0.0001
2018-09-29,0.0001
2018-09-30,0.0001196666667
2018-10-01,0.0001756666667
2018-10-02,0.0001
2018-10-03,0.0001
2018-10-04,0.0001673333333
2018-10-05,0.000211
2018-10-06,0.000248
2018-10-07,0.0001
2018-10-08,0.000171
2018-10-09,0.0002256666667
2018-10-10,0.000343
2018-10-11,0.0001
2018-10-12,0.0001
2018-10-13,-0.0001803333333
2018-10-14,-0.000104
2018-10-15,-9.8e-05
2018-10-16,5.966666667e-05
2018-10-17,5.033333333e-05
2018-10-18,0.0001
2018-10-19,0.0001
2018-10-20,0.0001
2018-10-21,0.0001
2018-10-22,0.0001
2018-10-23,0.0001
2018-10-24,0.0001
2018-10-25,0.0001
2018-10-26,0.0001
2018-10-27,0.0001293333333
2018-10-28,0.0001
2018-10-29,0.0003206666667
2018-10-30,0.0003063333333
2018-10-31,0.00023
2018-11-01,0.0001
2018-11-02,0.0001
2018-11-03,0.0001
2018-11-04,0.0001
2018-11-05,0.0002876666667
2018-11-06,0.000365
2018-11-07,0.0001473333333
2018-11-08,0.0006066666667
2018-11-09,0.0005996666667
2018-11-10,0.000279
2018-11-11,0.0001
2018-11-12,0.0001
2018-11-13,0.0006053333333
2018-11-14,0.000266
2018-11-15,-0.001772
2018-11-16,-0.0007366666667
2018-11-17,-2.166666667e-05
2018-11-18,1.066666667e-05
2018-11-19,-5.633333333e-05
2018-11-20,-0.0003466666667
2018-11-21,-0.000651
2018-11-22,-0.0005576666667
2018-11-23,-0.0005376666667
2018-11-24,9.3e-05
2018-11-25,-0.001297
2018-11-26,-0.0005236666667
2018-11-27,-0.001499333333
2018-11-28,-0.0009023333333
2018-11-29,-0.001488
2018-11-30,-0.0008843333333
2018-12-01,-0.001106333333
2018-12-02,-0.0002046666667
2018-12-03,-0.0008126666667
2018-12-04,-0.0008753333333
2018-12-05,-0.0001793333333
2018-12-06,-0.0003363333333
2018-12-07,-0.001038666667
2018-12-08,-0.001230333333
2018-12-09,-0.0001353333333
2018-12-10,-0.0003876666667
2018-12-11,-1.666666667e-05
2018-12-12,-0.0004073333333
2018-12-13,-2.933333333e-05
2018-12-14,-0.0005483333333
2018-12-15,-0.0002363333333
2018-12-16,-6.066666667e-05
2018-12-17,-0.0002843333333
2018-12-18,-0.0002476666667
2018-12-19,-0.0008523333333
2018-12-20,-0.000907
2018-12-21,-0.0004993333333
2018-12-22,-9.766666667e-05
2018-12-23,-0.0001986666667
2018-12-24,-0.000164
2018-12-25,-0.0002193333333
2018-12-26,-8.733333333e-05
2018-12-27,0.0001
2018-12-28,-0.000568
2018-12-29,-8.433333333e-05
2018-12-30,-0.0004326666667
2018-12-31,5.666666667e-05
2019-01-01,0.0001
2019-01-02,4.8e-05
2019-01-03,-0.000322
2019-01-04,7.666666667e-06
2019-01-05,-9.2e-05
2019-01-06,-0.0003186666667
2019-01-07,8.133333333e-05
2019-01-08,3.733333333e-05
2019-01-09,-0.0001196666667
2019-01-10,-0.0001343333333
2019-01-11,-0.001067
2019-01-12,-0.000829
2019-01-13,-0.000292
2019-01-14,-1.733333333e-05
2019-01-15,-0.0001356666667
2019-01-16,-0.0001703333333
2019-01-17,-0.000111
2019-01-18,-0.0001623333333
2019-01-19,-0.0001173333333
2019-01-20,0.0001
2019-01-21,-0.000609
2019-01-22,-0.0002316666667
2019-01-23,-0.0002196666667
2019-01-24,-0.0001966666667
2019-01-25,-8.266666667e-05
2019-01-26,-0.0002493333333
2019-01-27,-0.0001683333333
2019-01-28,1e-05
2019-01-29,0.0001
2019-01-30,2.133333333e-05
2019-01-31,-0.0001213333333
2019-02-01,0.0001
2019-02-02,0.0001
2019-02-03,-9.066666667e-05
2019-02-04,-7.666666667e-06
2019-02-05,-7.966666667e-05
2019-02-06,-3.366666667e-05
2019-02-07,8.166666667e-05
2019-02-08,9.5e-05
2019-02-09,0.0001
2019-02-10,0.0001
2019-02-11,0.0001
2019-02-12,0.0001
2019-02-13,0.0001
2019-02-14,0.0001056666667
2019-02-15,0.0001
2019-02-16,0.0001
2019-02-17,9.7e-05
2019-02-18,-0.0002526666667
2019-02-19,0.0001
2019-02-20,0.0001
2019-02-21,-4.333333333e-06
2019-02-22,8.833333333e-05
2019-02-23,3.9e-05
2019-02-24,6.933333333e-05
2019-02-25,-0.0001356666667
2019-02-26,-0.0002653333333
2019-02-27,-0.000106
2019-02-28,-0.0002076666667
2019-03-01,-0.0001563333333
2019-03-02,-0.0003343333333
2019-03-03,-0.0001976666667
2019-03-04,1.3e-05
2019-03-05,-1.1e-05
2019-03-06,0.0001
2019-03-07,1.333333333e-06
2019-03-08,-0.0001446666667
2019-03-09,-0.0003463333333
2019-03-10,-0.0003953333333
2019-03-11,-0.0001106666667
2019-03-12,-7.566666667e-05
2019-03-13,-0.0003906666667
2019-03-14,-0.0001646666667
2019-03-15,-0.0002223333333
2019-03-16,-0.0003383333333
2019-03-17,-2.633333333e-05
2019-03-18,-9.9e-05
2019-03-19,2.666666667e-05
2019-03-20,-0.000139
2019-03-21,-0.000622
2019-03-22,-0.000417
2019-03-23,-0.000198
2019-03-24,-0.0001956666667
2019-03-25,-0.0003513333333
2019-03-26,-0.0005313333333
2019-03-27,-0.0003886666667
2019-03-28,7.633333333e-05
2019-03-29,-0.0001573333333
2019-03-30,-0.0003443333333
2019-03-31,-0.0003766666667
2019-04-01,-0.000427
2019-04-02,-0.0003263333333
2019-04-03,0.0001066666667
2019-04-04,7.166666667e-05
2019-04-05,0.000177
2019-04-06,0.0001
2019-04-07,0.0001
2019-04-08,0.0001
2019-04-09,2.133333333e-05
2019-04-10,0.0001
2019-04-11,-2.1e-05
2019-04-12,0.0001
2019-04-13,-6.033333333e-05
2019-04-14,2.5e-05
2019-04-15,9.1e-05
2019-04-16,-7.7e-05
2019-04-17,0.0001
2019-04-18,0.0001
2019-04-19,3.266666667e-05
2019-04-20,4.433333333e-05
2019-04-21,4.133333333e-05
2019-04-22,8.133333333e-05
2019-04-23,-0.0001943333333
2019-04-24,-0.0003953333333
2019-04-25,-0.0002263333333
2019-04-26,-0.0004293333333
2019-04-27,-0.0005003333333
2019-04-28,-0.0005726666667
2019-04-29,-0.0005673333333
2019-04-30,-0.000538
2019-05-01,-0.0005613333333
2019-05-02,-0.0004243333333
2019-05-03,-0.000502
2019-05-04,-6.933333333e-05
2019-05-05,-0.0003606666667
2019-05-06,-0.0002763333333
2019-05-07,-0.0001826666667
2019-05-08,-0.0005766666667
2019-05-09,-0.0007526666667
2019-05-10,-0.001194333333
2019-05-11,-0.000574
2019-05-12,0.0001
2019-05-13,0.0001
2019-05-14,0.0002033333333
2019-05-15,0.0001823333333
2019-05-16,0.000333
2019-05-17,0.0003566666667
2019-05-18,-5.266666667e-05
2019-05-19,8.666666667e-06
2019-05-20,0.0002603333333
2019-05-21,0.000193
2019-05-22,0.000294
2019-05-23,0.0001
2019-05-24,0.0001196666667
2019-05-25,0.000596
2019-05-26,0.0005033333333
2019-05-27,0.001774
2019-05-28,0.001411666667
2019-05-29,0.000901
2019-05-30,0.000822
2019-05-31,0.0001796666667
2019-06-01,0.000119
2019-06-02,0.0003576666667
2019-06-03,0.000238
2019-06-04,6.066666667e-05
2019-06-05,4.2e-05
2019-06-06,-9.266666667e-05
2019-06-07,2.5e-05
2019-06-08,-8.066666667e-05
2019-06-09,7.333333333e-06
2019-06-10,-0.0003536666667
2019-06-11,0.0001
2019-06-12,6.7e-05
2019-06-13,0.0001
2019-06-14,0.0001
2019-06-15,6.5e-05
2019-06-16,0.001011666667
2019-06-17,0.000527
2019-06-18,0.0006116666667
2019-06-19,0.0006653333333
2019-06-20,0.000518
2019-06-21,0.000435
2019-06-22,0.001415666667
2019-06-23,0.002644333333
2019-06-24,0.001274333333
2019-06-25,0.0008993333333
2019-06-26,0.0006063333333
2019-06-27,0.001629666667
2019-06-28,0.001522666667
2019-06-29,0.0003453333333
2019-06-30,0.0006116666667
2019-07-01,0.0005516666667
2019-07-02,0.0002786666667
2019-07-03,0.0001563333333
2019-07-04,0.0001
2019-07-05,6.066666667e-05
2019-07-06,0.0001
2019-07-07,0.0001553333333
2019-07-08,0.000452
2019-07-09,0.0007676666667
2019-07-10,0.0009563333333
2019-07-11,0.0002293333333
2019-07-12,0.0001
2019-07-13,0.0001
2019-07-14,-2.2e-05
2019-07-15,-0.0001096666667
2019-07-16,-3.966666667e-05
2019-07-17,-0.0001996666667
2019-07-18,-5.2e-05
2019-07-19,0.0001
2019-07-20,0.0001
2019-07-21,2.7e-05
2019-07-22,-5.666666667e-06
2019-07-23,0.0001
2019-07-24,-9.666666667e-06
2019-07-25,3.466666667e-05
2019-07-26,6.333333333e-05
2019-07-27,0.0001
2019-07-28,-0.0001893333333
2019-07-29,9.366666667e-05
2019-07-30,0.0001
2019-07-31,0.0001
2019-08-01,0.0001
2019-08-02,0.0001
2019-08-03,0.0001
2019-08-04,0.0001
2019-08-05,0.000261
2019-08-06,0.0008993333333
2019-08-07,0.0005886666667
2019-08-08,0.0008253333333
2019-08-09,0.0008606666667
2019-08-10,0.0005586666667
2019-08-11,0.0001
2019-08-12,0.0001073333333
2019-08-13,0.0002246666667
2019-08-14,0.000146
2019-08-15,3.833333333e-05
2019-08-16,-5.6e-05
2019-08-17,3.4e-05
2019-08-18,2.666666667e-06
2019-08-19,0.0001
2019-08-20,0.0001
2019-08-21,0.0001
2019-08-22,-9.333333333e-06
2019-08-23,0.0001
2019-08-24,9.933333333e-05
2019-08-25,-6e-05
2019-08-26,0.000119
2019-08-27,0.0001453333333
2019-08-28,0.0001
2019-08-29,-8.433333333e-05
2019-08-30,-0.0001563333333
2019-08-31,-3.8e-05
2019-09-01,0.0001
2019-09-02,4.3e-05
2019-09-03,0.0002313333333
2019-09-04,0.0001806666667
2019-09-05,0.0001353333333
2019-09-06,0.000243
2019-09-07,0.000114
2019-09-08,0.0001083333333
2019-09-09,0.0002353333333
2019-09-10,0.0001466666667
2019-09-11,0.0001
2019-09-12,0.0001233333333
2019-09-13,0.000139
2019-09-14,0.000205
2019-09-15,0.000167
2019-09-16,0.0002456666667
2019-09-17,0.0001836666667
2019-09-18,0.0001963333333
2019-09-19,0.0001176666667
2019-09-20,0.0002293333333
2019-09-21,0.0001
2019-09-22,0.0001
2019-09-23,0.0001
2019-09-24,0.0001
2019-09-25,-0.0002953333333
2019-09-26,0.0001
2019-09-27,0.0001
2019-09-28,-4.366666667e-05
2019-09-29,3.2e-05
2019-09-30,-8.9e-05
2019-10-01,-1.733333333e-05
2019-10-02,-0.0001376666667
2019-10-03,1.933333333e-05
2019-10-04,-3.866666667e-05
2019-10-05,-6.3e-05
2019-10-06,7.266666667e-05
2019-10-07,8.366666667e-05
2019-10-08,8.6e-05
2019-10-09,0.0001
2019-10-10,0.0001
2019-10-11,0.0001
2019-10-12,9.533333333e-05
2019-10-13,9.733333333e-05
2019-10-14,9.966666667e-05
2019-10-15,0.0001
2019-10-16,0.0001
2019-10-17,0.0001
2019-10-18,-3.266666667e-05
2019-10-19,9.433333333e-05
2019-10-20,5.566666667e-05
2019-10-21,0.0001
2019-10-22,0.0001
2019-10-23,3.3e-05
2019-10-24,-0.0004023333333
2019-10-25,-0.0001066666667
2019-10-26,0.0001696666667
2019-10-27,0.0001
2019-10-28,0.0001843333333
2019-10-29,0.0002916666667
2019-10-30,0.0001
2019-10-31,0.0001
2019-11-01,0.0001
2019-11-02,0.0001
2019-11-03,0.0001
2019-11-04,0.000131
2019-11-05,0.0002323333333
2019-11-06,0.000224
2019-11-07,0.0001806666667
2019-11-08,0.0001563333333
2019-11-09,0.0001
2019-11-10,0.0001
2019-11-11,0.0001
2019-11-12,0.0001
2019-11-13,0.000104
2019-11-14,0.0001
2019-11-15,0.0001
2019-11-16,0.0001
2019-11-17,0.0001
2019-11-18,0.000132
2019-11-19,0.0001
2019-11-20,0.0001
2019-11-21,0.0001
2019-11-22,5.7e-05
2019-11-23,-0.0002056666667
2019-11-24,-2.2e-05
2019-11-25,-2.233333333e-05
2019-11-26,-9.8e-05
2019-11-27,-3.633333333e-05
2019-11-28,4.4e-05
2019-11-29,-8.4e-05
2019-11-30,1.866666667e-05
2019-12-01,-1.366666667e-05
2019-12-02,8.466666667e-05
2019-12-03,4.733333333e-05
2019-12-04,-1e-05
2019-12-05,-0.0001543333333
2019-12-06,8.6e-05
2019-12-07,9.833333333e-05
2019-12-08,6.133333333e-05
2019-12-09,9.9e-05
2019-12-10,0.0001
2019-12-11,6.433333333e-05
2019-12-12,1.766666667e-05
2019-12-13,9.766666667e-05
2019-12-14,-3.433333333e-05
2019-12-15,-8.866666667e-05
2019-12-16,9.666666667e-05
2019-12-17,9.666666667e-06
2019-12-18,-0.000159
2019-12-19,-6.466666667e-05
2019-12-20,1.366666667e-05
2019-12-21,-4.333333333e-06
2019-12-22,9.833333333e-05
2019-12-23,0.0001
2019-12-24,0.0001
2019-12-25,0.0001
2019-12-26,0.0001
2019-12-27,0.0001
2019-12-28,0.0001
2019-12-29,0.0001
2019-12-30,0.0001
2019-12-31,0.0001
2020-01-01,0.0001
2020-01-02,0.0001
2020-01-03,3.333333333e-05
2020-01-04,0.0001
2020-01-05,0.0001
2020-01-06,0.0001
2020-01-07,0.0001
2020-01-08,0.0001
2020-01-09,0.0001
2020-01-10,0.0001
2020-01-11,0.0001
2020-01-12,0.0001
2020-01-13,0.0001
2020-01-14,0.000161
2020-01-15,0.000256
2020-01-16,0.000174
2020-01-17,0.000343
2020-01-18,0.000173
2020-01-19,0.0001316666667
2020-01-20,0.0001
2020-01-21,0.0001383333333
2020-01-22,0.000174
2020-01-23,0.0001
2020-01-24,0.0001803333333
2020-01-25,0.0001
2020-01-26,0.0001
2020-01-27,0.0001
2020-01-28,0.000378
2020-01-29,0.0005036666667
2020-01-30,0.0004953333333
2020-01-31,0.0003516666667
2020-02-01,0.000161
2020-02-02,0.000188
2020-02-03,0.0002516666667
2020-02-04,0.000104
2020-02-05,0.000231
2020-02-06,0.0008143333333
2020-02-07,0.000516
2020-02-08,0.0002746666667
2020-02-09,0.0004556666667
2020-02-10,0.0006326666667
2020-02-11,0.000349
2020-02-12,0.000757
2020-02-13,0.0006196666667
2020-02-14,0.0005436666667
2020-02-15,0.000204
2020-02-16,0.0001
2020-02-17,0.000375
2020-02-18,0.000204
2020-02-19,0.00046
2020-02-20,0.000142
2020-02-21,0.0001
2020-02-22,0.0001
2020-02-23,0.0001
2020-02-24,0.0001
2020-02-25,0.0001236666667
2020-02-26,0.0005033333333
2020-02-27,0.0001066666667
2020-02-28,0.0001
2020-02-29,0.000146
2020-03-01,0.0001
2020-03-02,0.000203
2020-03-03,0.0001
2020-03-04,0.0001
2020-03-05,0.0001
2020-03-06,0.0001
2020-03-07,0.0001
2020-03-08,0.0001
2020-03-09,0.0001
2020-03-10,5.2e-05
2020-03-11,8.433333333e-05
2020-03-12,-0.000497
2020-03-13,-0.00375
2020-03-14,-0.00375
2020-03-15,-0.001279333333
2020-03-16,-0.000984
2020-03-17,-0.001479666667
2020-03-18,-0.0007303333333
2020-03-19,-0.0003936666667
2020-03-20,-0.000436
2020-03-21,-0.000202
2020-03-22,-0.0003916666667
2020-03-23,-0.0005426666667
2020-03-24,-3.6e-05
2020-03-25,-0.0002806666667
2020-03-26,-0.000181
2020-03-27,-0.0003003333333
2020-03-28,-0.0004876666667
2020-03-29,-0.0002613333333
2020-03-30,-0.000423
2020-03-31,-2.333333333e-05
2020-04-01,-0.0004013333333
2020-04-02,-0.0001106666667
2020-04-03,-0.0001653333333
2020-04-04,-0.000334
2020-04-05,1.633333333e-05
2020-04-06,6.9e-05
2020-04-07,4.733333333e-05
2020-04-08,-4.666666667e-06
2020-04-09,-0.0001326666667
2020-04-10,-0.0003876666667
2020-04-11,-0.0003563333333
2020-04-12,-0.0002206666667
2020-04-13,-0.0005533333333
2020-04-14,-0.000152
2020-04-15,-0.0002356666667
2020-04-16,-0.000273
2020-04-17,9.433333333e-05
2020-04-18,-3.666666667e-05
2020-04-19,-1.8e-05
2020-04-20,5.666666667e-05
2020-04-21,-0.0004836666667
2020-04-22,-0.000179
2020-04-23,2.8e-05
2020-04-24,0.0001
2020-04-25,9.033333333e-05
2020-04-26,-6.633333333e-05
2020-04-27,-3.866666667e-05
2020-04-28,1.166666667e-05
2020-04-29,-3.733333333e-05
2020-04-30,0.0001
2020-05-01,0.0001
2020-05-02,0.0001
2020-05-03,0.0001
2020-05-04,-1.233333333e-05
2020-05-05,0.0001
2020-05-06,7.966666667e-05
2020-05-07,0.0001
2020-05-08,0.0001
2020-05-09,0.0001
2020-05-10,-0.0002276666667
2020-05-11,9.133333333e-05
2020-05-12,-0.0001486666667
2020-05-13,4.4e-05
2020-05-14,9.5e-05
2020-05-15,0.0001
2020-05-16,0.0001
2020-05-17,0.0001
2020-05-18,0.0001683333333
2020-05-19,0.0001
2020-05-20,0.0001
2020-05-21,7.533333333e-05
2020-05-22,7.766666667e-05
2020-05-23,-1.5e-05
2020-05-24,7.2e-05
2020-05-25,-0.000113
2020-05-26,4e-05
2020-05-27,1.3e-05
2020-05-28,0.0001
2020-05-29,0.0001
2020-05-30,0.0001
2020-05-31,0.0001
2020-06-01,0.0001
2020-06-02,0.0008706666667
2020-06-03,0.0001
2020-06-04,0.0001
2020-06-05,0.0001
2020-06-06,0.0001
2020-06-07,0.0001
2020-06-08,6.666666667e-07
2020-06-09,0.0001
2020-06-10,0.0001
2020-06-11,0.0001
2020-06-12,-4.233333333e-05
2020-06-13,0.0001
2020-06-14,3.2e-05
2020-06-15,5.8e-05
2020-06-16,8.833333333e-05
2020-06-17,9.933333333e-05
2020-06-18,0.0001
2020-06-19,0.0001
2020-06-20,0.0001
2020-06-21,0.0001
2020-06-22,0.0001
2020-06-23,0.0001233333333
2020-06-24,0.0001
2020-06-25,9.233333333e-05
2020-06-26,0.0001
2020-06-27,0.0001
2020-06-28,3.333333333e-06
2020-06-29,9.9e-05
2020-06-30,0.0001
2020-07-01,3.166666667e-05
2020-07-02,0.0001
2020-07-03,2.966666667e-05
2020-07-04,4.566666667e-05
2020-07-05,4.133333333e-05
2020-07-06,8.333333333e-05
2020-07-07,0.0001
2020-07-08,0.0001
2020-07-09,0.0001
2020-07-10,0.0001
2020-07-11,0.0001
2020-07-12,0.0001
2020-07-13,0.0001
2020-07-14,0.0001
2020-07-15,0.0001
2020-07-16,0.0001
2020-07-17,0.0001
2020-07-18,7.366666667e-05
2020-07-19,0.0001
2020-07-20,0.0001
2020-07-21,0.0001
2020-07-22,0.0001
2020-07-23,0.0001
2020-07-24,0.0001
2020-07-25,0.0001
2020-07-26,0.0002483333333
2020-07-27,0.000455
2020-07-28,0.000631
2020-07-29,0.0005816666667
2020-07-30,0.0003013333333
2020-07-31,0.0003716666667
2020-08-01,0.0003733333333
2020-08-02,0.000317
2020-08-03,0.0001483333333
2020-08-04,0.0001446666667
2020-08-05,0.0001
2020-08-06,0.0001
2020-08-07,0.0001
2020-08-08,5.633333333e-05
2020-08-09,0.0001
2020-08-10,0.000219
2020-08-11,0.0001
2020-08-12,0.0001
2020-08-13,0.0001
2020-08-14,0.0001926666667
2020-08-15,0.000223
2020-08-16,0.0002396666667
2020-08-17,0.0002613333333
2020-08-18,0.000576
2020-08-19,0.0001
2020-08-20,0.0001
2020-08-21,0.0001
2020-08-22,0.0001013333333
2020-08-23,0.0001
2020-08-24,0.0001
2020-08-25,0.0001
2020-08-26,6.366666667e-05
2020-08-27,0.0001
2020-08-28,0.0001
2020-08-29,0.0001
2020-08-30,0.0001
2020-08-31,0.0001
2020-09-01,0.000151
2020-09-02,0.0001756666667
2020-09-03,0.0001
2020-09-04,-0.0001896666667
2020-09-05,3.533333333e-05
2020-09-06,3.233333333e-05
2020-09-07,-1e-05
2020-09-08,0.0001
2020-09-09,1.966666667e-05
2020-09-10,0.0001
2020-09-11,1e-05
2020-09-12,9.6e-05
2020-09-13,7e-05
2020-09-14,-0.0001693333333
2020-09-15,1.533333333e-05
2020-09-16,-6e-06
2020-09-17,9.433333333e-05
2020-09-18,6.033333333e-05
2020-09-19,-1.566666667e-05
2020-09-20,-9e-06
2020-09-21,-3e-06
2020-09-22,-5.633333333e-05
2020-09-23,-0.000123
2020-09-24,-2.1e-05
2020-09-25,0.0001
2020-09-26,7.166666667e-05
2020-09-27,7.1e-05
2020-09-28,0.0001
2020-09-29,8.666666667e-05
2020-09-30,0.0001
2020-10-01,2.4e-05
2020-10-02,-8.3e-05
2020-10-03,-0.0002326666667
2020-10-04,-0.000121
2020-10-05,-3.6e-05
2020-10-06,-8.333333333e-06
2020-10-07,-0.0002383333333
2020-10-08,-0.0001603333333
2020-10-09,0.0001
2020-10-10,0.0001
2020-10-11,0.0001
2020-10-12,9.966666667e-05
2020-10-13,0.0001
2020-10-14,0.0001
2020-10-15,8.133333333e-05
2020-10-16,8.9e-05
2020-10-17,-3.766666667e-05
2020-10-18,-6.5e-05
2020-10-19,4.9e-05
2020-10-20,4.466666667e-05
2020-10-21,7.266666667e-05
2020-10-22,0.0001
2020-10-23,6.466666667e-05
2020-10-24,0.0001
2020-10-25,0.0001
2020-10-26,0.0001
2020-10-27,0.0001
2020-10-28,0.0001
2020-10-29,-5.5e-05
2020-10-30,7.333333333e-05
2020-10-31,6.533333333e-05
2020-11-01,4.166666667e-05
2020-11-02,-5.333333333e-05
2020-11-03,-6.666666667e-06
2020-11-04,3.333333333e-05
2020-11-05,0.0001
2020-11-06,0.0001
2020-11-07,0.000144
2020-11-08,0.0002593333333
2020-11-09,0.0001
2020-11-10,0.0001
2020-11-11,0.0001
2020-11-12,0.0001
2020-11-13,0.0001
2020-11-14,8.633333333e-05
2020-11-15,0.0001
2020-11-16,0.0001
2020-11-17,0.0001
2020-11-18,0.0001076666667
2020-11-19,0.0001
2020-11-20,0.000145
2020-11-21,0.0001
2020-11-22,0.000165
2020-11-23,0.0004163333333
2020-11-24,0.000317
2020-11-25,0.000354
2020-11-26,0.0001653333333
2020-11-27,0.000168
2020-11-28,0.0001
2020-11-29,0.0001
2020-11-30,0.0001
2020-12-01,0.0006653333333
2020-12-02,0.0001
2020-12-03,0.0001
2020-12-04,0.0001
2020-12-05,7.933333333e-05
2020-12-06,0.0001
2020-12-07,0.0002156666667
2020-12-08,0.0001
2020-12-09,0.0001
2020-12-10,0.0001
2020-12-11,0.0001
2020-12-12,0.0001
2020-12-13,0.0001
2020-12-14,0.00019
2020-12-15,0.0001
2020-12-16,0.0001
2020-12-17,0.0005683333333
2020-12-18,0.000355
2020-12-19,0.0001616666667
2020-12-20,0.0004406666667
2020-12-21,0.0003033333333
2020-12-22,0.0001143333333
2020-12-23,0.0002073333333
2020-12-24,0.0001343333333
2020-12-25,0.0002623333333
2020-12-26,0.0003676666667
2020-12-27,0.0007196666667
2020-12-28,0.0005223333333
2020-12-29,0.000326
2020-12-30,0.0006266666667
2020-12-31,0.0003036666667
2021-01-01,0.0001
2021-01-02,0.0001
2021-01-03,0.0006643333333
2021-01-04,0.001049
2021-01-05,0.0001556666667
2021-01-06,0.0009183333333
2021-01-07,0.000623
2021-01-08,0.0008876666667
2021-01-09,0.0004416666667
2021-01-10,0.000648
2021-01-11,0.0008266666667
2021-01-12,0.0004426666667
2021-01-13,0.0003473333333
2021-01-14,0.0005656666667
2021-01-15,0.0006106666667
2021-01-16,0.0001386666667
2021-01-17,0.0001223333333
2021-01-18,0.0003273333333
2021-01-19,0.0007956666667
2021-01-20,0.0002596666667
2021-01-21,0.0001
2021-01-22,3.666666667e-06
2021-01-23,3.866666667e-05
2021-01-24,0.0001
2021-01-25,0.0002466666667
2021-01-26,0.000208
2021-01-27,-5.433333333e-05
2021-01-28,1e-06
2021-01-29,0.0003466666667
2021-01-30,0.000466
2021-01-31,0.0001
2021-02-01,9.033333333e-05
2021-02-02,0.0001883333333
2021-02-03,0.000329
2021-02-04,0.000352
2021-02-05,0.000305
2021-02-06,0.0006556666667
2021-02-07,0.0006606666667
2021-02-08,0.0002073333333
2021-02-09,0.001534
2021-02-10,0.0005636666667
2021-02-11,0.0001723333333
2021-02-12,0.000915
2021-02-13,0.000669
2021-02-14,0.0006443333333
2021-02-15,0.000539
2021-02-16,0.001108
2021-02-17,0.001142
2021-02-18,0.001676
2021-02-19,0.0008833333333
2021-02-20,0.00078
2021-02-21,0.0005696666667
2021-02-22,0.0009986666667
2021-02-23,0.0001496666667
2021-02-24,0.0001316666667
2021-02-25,0.0001
2021-02-26,0.0001
2021-02-27,0.0001
2021-02-28,0.0001
2021-03-01,0.0001
2021-03-02,0.0001
2021-03-03,0.0001
2021-03-04,0.0001636666667
2021-03-05,0.0001
2021-03-06,0.0001
2021-03-07,0.0001326666667
2021-03-08,0.000298
2021-03-09,0.0004746666667
2021-03-10,0.0001413333333
2021-03-11,0.0005443333333
2021-03-12,0.000562
2021-03-13,0.0004563333333
2021-03-14,0.001085666667
2021-03-15,0.000315
2021-03-16,0.0001
2021-03-17,0.0001
2021-03-18,0.000525
2021-03-19,0.0002093333333
2021-03-20,0.0001
2021-03-21,0.0002793333333
2021-03-22,8.833333333e-05
2021-03-23,8.833333333e-05
2021-03-24,0.0001
2021-03-25,0.0002173333333
2021-03-26,0.0001
2021-03-27,0.0001
2021-03-28,0.0001
2021-03-29,0.000222
2021-03-30,0.000678
2021-03-31,0.0007253333333
2021-04-01,0.000918
2021-04-02,0.0009353333333
2021-04-03,0.0004606666667
2021-04-04,0.0002436666667
2021-04-05,0.0001993333333
2021-04-06,0.001108333333
2021-04-07,0.000168
2021-04-08,0.0001
2021-04-09,0.000216
2021-04-10,0.001214333333
2021-04-11,0.00091
2021-04-12,0.001095333333
2021-04-13,0.001057666667
2021-04-14,0.0009296666667
2021-04-15,0.0004406666667
2021-04-16,0.00035
2021-04-17,0.0001
2021-04-18,2.266666667e-05
2021-04-19,0.0001
2021-04-20,0.0001
2021-04-21,0.0001
2021-04-22,0.0001
2021-04-23,0.0001786666667
2021-04-24,0.0001
2021-04-25,0.0001
2021-04-26,0.0001
2021-04-27,0.0001
2021-04-28,0.0001
2021-04-29,9.533333333e-05
2021-04-30,0.0001
2021-05-01,0.0001
2021-05-02,0.0001
2021-05-03,0.0001646666667
2021-05-04,0.0001156666667
2021-05-05,0.0001
2021-05-06,0.0001
2021-05-07,0.0001
2021-05-08,0.0001796666667
2021-05-09,0.0003296666667
2021-05-10,0.0002263333333
2021-05-11,0.0001
2021-05-12,0.0001
2021-05-13,4.433333333e-05
2021-05-14,0.0001
2021-05-15,0.0001
2021-05-16,0.0001
2021-05-17,0.0001
2021-05-18,0.0001
2021-05-19,7.766666667e-05
2021-05-20,-0.0009693333333
2021-05-21,-0.0002933333333
2021-05-22,-0.0001723333333
2021-05-23,-0.0002686666667
2021-05-24,-0.0003373333333
2021-05-25,3.133333333e-05
2021-05-26,8.733333333e-05
2021-05-27,-8.666666667e-05
2021-05-28,-1.533333333e-05
2021-05-29,-6.5e-05
2021-05-30,7.333333333e-05
2021-05-31,2.466666667e-05
2021-06-01,3.866666667e-05
2021-06-02,-4.866666667e-05
2021-06-03,-0.0001253333333
2021-06-04,-0.000188
2021-06-05,-0.000434
2021-06-06,-0.000246
2021-06-07,-9.4e-05
2021-06-08,-0.000379
2021-06-09,-0.0002026666667
2021-06-10,-0.0001203333333
2021-06-11,-0.000103
2021-06-12,-9.933333333e-05
2021-06-13,-9.133333333e-05
2021-06-14,6.266666667e-05
2021-06-15,-8.666666667e-05
2021-06-16,-0.00019
2021-06-17,-0.0003386666667
2021-06-18,-0.0003063333333
2021-06-19,-0.0002493333333
2021-06-20,1.066666667e-05
2021-06-21,-0.0003083333333
2021-06-22,-0.0001056666667
2021-06-23,-0.0002993333333
2021-06-24,-9.866666667e-05
2021-06-25,-3.1e-05
2021-06-26,-0.0004613333333
2021-06-27,-0.0002746666667
2021-06-28,-2.333333333e-05
2021-06-29,8.6e-05
2021-06-30,-1e-05
2021-07-01,-0.0001363333333
2021-07-02,-0.000189
2021-07-03,-0.0001116666667
2021-07-04,2.733333333e-05
2021-07-05,-0.000116
2021-07-06,-0.000156
2021-07-07,-0.000127
2021-07-08,-0.0002843333333
2021-07-09,5.633333333e-05
2021-07-10,0.0001
2021-07-11,2.833333333e-05
2021-07-12,0.0001
2021-07-13,-0.0001163333333
2021-07-14,-0.0001866666667
2021-07-15,1.4e-05
2021-07-16,-9.066666667e-05
2021-07-17,-8.533333333e-05
2021-07-18,8.866666667e-05
2021-07-19,-0.000127
2021-07-20,-6.166666667e-05
2021-07-21,-1.133333333e-05
2021-07-22,6.033333333e-05
2021-07-23,8.9e-05
2021-07-24,-5.3e-05
2021-07-25,-0.0002196666667
2021-07-26,-1.3e-05
2021-07-27,-0.0001396666667
2021-07-28,8.4e-05
2021-07-29,1.9e-05
2021-07-30,-2.266666667e-05
2021-07-31,2.333333333e-06
2021-08-01,3.1e-05
2021-08-02,-6.266666667e-05
2021-08-03,6.766666667e-05
2021-08-04,0.0001
2021-08-05,9.5e-05
2021-08-06,-2.333333333e-05
2021-08-07,1.666666667e-05
2021-08-08,8.7e-05
2021-08-09,0.0001
2021-08-10,9.066666667e-05
2021-08-11,2.2e-05
2021-08-12,-2.133333333e-05
2021-08-13,7.5e-05
2021-08-14,0.0001
2021-08-15,-3.166666667e-05
2021-08-16,3.233333333e-05
2021-08-17,-1.833333333e-05
2021-08-18,4.866666667e-05
2021-08-19,6.566666667e-05
2021-08-20,0.0001
2021-08-21,0.0001
2021-08-22,0.0001
2021-08-23,0.0001
2021-08-24,0.0001
2021-08-25,2.566666667e-05
2021-08-26,7.766666667e-05
2021-08-27,0.0001
2021-08-28,8.8e-05
2021-08-29,9.333333333e-05
2021-08-30,9.533333333e-05
2021-08-31,0.0001
2021-09-01,0.0001
2021-09-02,0.000126
2021-09-03,0.0001306666667
2021-09-04,0.0001566666667
2021-09-05,0.0001
2021-09-06,0.000144
2021-09-07,0.0001
2021-09-08,-0.000166
2021-09-09,5.033333333e-05
2021-09-10,4.933333333e-05
2021-09-11,4.466666667e-05
2021-09-12,8.7e-05
2021-09-13,3.133333333e-05
2021-09-14,1.6e-05
2021-09-15,-3.533333333e-05
2021-09-16,-9.766666667e-05
2021-09-17,7.833333333e-05
2021-09-18,-6.4e-05
2021-09-19,-5.533333333e-05
2021-09-20,-4.2e-05
2021-09-21,-0.0002763333333
2021-09-22,-0.0002133333333
2021-09-23,-0.000366
2021-09-24,-4.966666667e-05
2021-09-25,-0.0003043333333
2021-09-26,-0.0002146666667
2021-09-27,5.833333333e-05
2021-09-28,-2.2e-05
2021-09-29,-8.966666667e-05
2021-09-30,-1e-05
2021-10-01,5.9e-05
2021-10-02,0.0001
2021-10-03,9.233333333e-05
2021-10-04,0.0001
2021-10-05,0.0001
2021-10-06,6.733333333e-05
2021-10-07,0.0001
2021-10-08,0.0001
2021-10-09,0.0001
2021-10-10,0.0001
2021-10-11,0.0001
2021-10-12,0.0001
2021-10-13,0.0001
2021-10-14,0.00019
2021-10-15,0.0001546666667
2021-10-16,0.000203
2021-10-17,0.0001453333333
2021-10-18,0.0002393333333
2021-10-19,0.0001
2021-10-20,0.0001
2021-10-21,0.0004576666667
2021-10-22,0.0001
2021-10-23,0.0001
2021-10-24,0.0001516666667
2021-10-25,0.0001
2021-10-26,0.0001243333333
2021-10-27,0.0001
2021-10-28,0.0001
2021-10-29,0.0001906666667
2021-10-30,0.0002136666667
2021-10-31,0.0001
2021-11-01,0.0001513333333
2021-11-02,0.0002216666667
2021-11-03,0.0002663333333
2021-11-04,0.0001
2021-11-05,0.0001
2021-11-06,0.0001
2021-11-07,0.0001
2021-11-08,0.0002556666667
2021-11-09,0.000327
2021-11-10,0.0004556666667
2021-11-11,0.000203
2021-11-12,0.0001
2021-11-13,0.0001
2021-11-14,0.0001
2021-11-15,0.0001
2021-11-16,6.533333333e-05
2021-11-17,0.0001
2021-11-18,0.0001
2021-11-19,0.0001
2021-11-20,3.066666667e-05
2021-11-21,0.0001
2021-11-22,0.0001
2021-11-23,0.0001
2021-11-24,0.0001
2021-11-25,0.0001
2021-11-26,0.0001
2021-11-27,0.0001
2021-11-28,7.566666667e-05
2021-11-29,0.0001
2021-11-30,0.0001
2021-12-01,0.0001
2021-12-02,0.0001
2021-12-03,0.0001
2021-12-04,-0.0002213333333
2021-12-05,-0.0003796666667
2021-12-06,-8.633333333e-05
2021-12-07,-7.066666667e-05
2021-12-08,0.0001
2021-12-09,9.9e-05
2021-12-10,9e-05
2021-12-11,5.2e-05
2021-12-12,-5.066666667e-05
2021-12-13,-1.533333333e-05
2021-12-14,1.5e-05
2021-12-15,9.266666667e-05
2021-12-16,7.433333333e-05
2021-12-17,5.966666667e-05
2021-12-18,3.9e-05
2021-12-19,3.933333333e-05
2021-12-20,3.133333333e-05
2021-12-21,0.0001
2021-12-22,4.933333333e-05
2021-12-23,4.866666667e-05
2021-12-24,7.333333333e-06
2021-12-25,-1.066666667e-05
2021-12-26,-4.233333333e-05
2021-12-27,8.266666667e-05
2021-12-28,1.833333333e-05
2021-12-29,9.766666667e-05
2021-12-30,-2e-05
2021-12-31,2.966666667e-05
2022-01-01,5.166666667e-05
2022-01-02,-6.033333333e-05
2022-01-03,4.266666667e-05
2022-01-04,-2.233333333e-05
2022-01-05,9.966666667e-05
2022-01-06,1.766666667e-05
2022-01-07,6.166666667e-05
2022-01-08,-1.8e-05
2022-01-09,1.566666667e-05
2022-01-10,-6.666666667e-05
2022-01-11,2.666666667e-05
2022-01-12,-0.000195
2022-01-13,-0.000159
2022-01-14,-3.033333333e-05
2022-01-15,-4.2e-05
2022-01-16,-8.533333333e-05
2022-01-17,1.833333333e-05
2022-01-18,8.733333333e-05
2022-01-19,5.933333333e-05
2022-01-20,9.766666667e-05
2022-01-21,-3.633333333e-05
2022-01-22,-5.466666667e-05
2022-01-23,-0.0001536666667
2022-01-24,-0.0001986666667
2022-01-25,-3.8e-05
2022-01-26,-0.000242
2022-01-27,-3.666666667e-05
2022-01-28,9.066666667e-05
2022-01-29,-7.5e-05
2022-01-30,-3.433333333e-05
2022-01-31,-2.4e-05
2022-02-01,-8.933333333e-05
2022-02-02,-6.666666667e-05
2022-02-03,-3.333333333e-06
2022-02-04,-3.233333333e-05
2022-02-05,5.233333333e-05
2022-02-06,3.266666667e-05
2022-02-07,-9.6e-05
2022-02-08,-6.233333333e-05
2022-02-09,4.466666667e-05
2022-02-10,-1.433333333e-05
2022-02-11,4.966666667e-05
2022-02-12,6.333333333e-05
2022-02-13,2.066666667e-05
2022-02-14,0.0001
2022-02-15,5.466666667e-05
2022-02-16,6.4e-05
2022-02-17,-7.066666667e-05
2022-02-18,-0.0001463333333
2022-02-19,5.2e-05
2022-02-20,4.166666667e-05
2022-02-21,3.333333333e-05
2022-02-22,2.833333333e-05
2022-02-23,-9.266666667e-05
2022-02-24,1.1e-05
2022-02-25,-2.333333333e-06
2022-02-26,-8.666666667e-05
2022-02-27,-0.0001366666667
2022-02-28,-1.7e-05
2022-03-01,0.0001
2022-03-02,7.133333333e-05
2022-03-03,9.166666667e-05
2022-03-04,0.0001
2022-03-05,2.2e-05
2022-03-06,-0.0001346666667
2022-03-07,0.0001
2022-03-08,3.466666667e-05
2022-03-09,3.3e-05
2022-03-10,6.333333333e-05
2022-03-11,-0.0001053333333
2022-03-12,-0.000119
2022-03-13,-0.0001106666667
2022-03-14,-6.033333333e-05
2022-03-15,5.666666667e-05
2022-03-16,1.1e-05
2022-03-17,3.633333333e-05
2022-03-18,-5.966666667e-05
2022-03-19,-4.666666667e-05
2022-03-20,-2.4e-05
2022-03-21,-3e-06
2022-03-22,-3e-06
2022-03-23,-6.633333333e-05
2022-03-24,1.266666667e-05
2022-03-25,7.4e-05
2022-03-26,5.833333333e-05
2022-03-27,6.4e-05
2022-03-28,0.0001
2022-03-29,2.833333333e-05
2022-03-30,6.2e-05
2022-03-31,6.2e-05
2022-04-01,-1.066666667e-05
2022-04-02,8.733333333e-05
2022-04-03,0.0001
2022-04-04,0.0001
2022-04-05,0.0001
2022-04-06,8.4e-05
2022-04-07,0.0001
2022-04-08,6.7e-05
2022-04-09,-1.333333333e-06
2022-04-10,-6.333333333e-06
2022-04-11,3.233333333e-05
2022-04-12,-7.333333333e-05
2022-04-13,6.833333333e-05
2022-04-14,-3.5e-05
2022-04-15,6.466666667e-05
2022-04-16,-6e-06
2022-04-17,-6.666666667e-06
2022-04-18,-6.9e-05
2022-04-19,-8e-06
2022-04-20,-9.466666667e-05
2022-04-21,3.433333333e-05
2022-04-22,-6.666666667e-07
2022-04-23,-5.833333333e-05
2022-04-24,-6.566666667e-05
2022-04-25,3e-06
2022-04-26,7.9e-05
2022-04-27,-7.333333333e-05
2022-04-28,-6.266666667e-05
2022-04-29,0.0001
2022-04-30,2.2e-05
2022-05-01,-2.133333333e-05
2022-05-02,4.033333333e-05
2022-05-03,0.0001
2022-05-04,0.0001
2022-05-05,0.0001
2022-05-06,-9.433333333e-05
2022-05-07,3.833333333e-05
2022-05-08,-0.0001413333333
2022-05-09,-9.233333333e-05
2022-05-10,-0.0002006666667
2022-05-11,-0.0001366666667
2022-05-12,-0.0003993333333
2022-05-13,-0.0003006666667
2022-05-14,-0.0001313333333
2022-05-15,-7e-05
2022-05-16,-0.0001893333333
2022-05-17,-5.1e-05
2022-05-18,-0.000329
2022-05-19,-0.000208
2022-05-20,6.533333333e-05
2022-05-21,1e-05
2022-05-22,5e-05
2022-05-23,4.766666667e-05
2022-05-24,-0.0002143333333
2022-05-25,-1.533333333e-05
2022-05-26,3.333333333e-06
2022-05-27,-0.0001843333333
2022-05-28,-2.666666667e-05
2022-05-29,8e-06
2022-05-30,2.6e-05
2022-05-31,6.9e-05
2022-06-01,-3.266666667e-05
2022-06-02,-0.000207
2022-06-03,-0.000115
2022-06-04,-0.0001686666667
2022-06-05,-0.0002566666667
2022-06-06,-8.766666667e-05
2022-06-07,-0.0001263333333
2022-06-08,3.866666667e-05
2022-06-09,6.3e-05
2022-06-10,-8.933333333e-05
2022-06-11,-9.333333333e-06
2022-06-12,-3e-06
2022-06-13,-3.933333333e-05
2022-06-14,-0.000166
2022-06-15,-0.0002013333333
2022-06-16,-9.533333333e-05
2022-06-17,-0.000132
2022-06-18,4e-06
2022-06-19,-3.433333333e-05
2022-06-20,-2.333333333e-05
2022-06-21,2.766666667e-05
2022-06-22,3.6e-05
2022-06-23,7.033333333e-05
2022-06-24,-1.1e-05
2022-06-25,2.2e-05
2022-06-26,5.833333333e-05
2022-06-27,2.933333333e-05
2022-06-28,-2.1e-05
2022-06-29,-4.333333333e-05
2022-06-30,-0.000177
2022-07-01,3.233333333e-05
2022-07-02,-3.933333333e-05
2022-07-03,6.266666667e-05
2022-07-04,4.133333333e-05
2022-07-05,2.133333333e-05
2022-07-06,4.8e-05
2022-07-07,5.4e-05
2022-07-08,3.9e-05
2022-07-09,-6.2e-05
2022-07-10,-2.233333333e-05
2022-07-11,-5.233333333e-05
2022-07-12,0.0001
2022-07-13,9.733333333e-05
2022-07-14,1.9e-05
2022-07-15,-3.833333333e-05
2022-07-16,1.166666667e-05
2022-07-17,4.033333333e-05
2022-07-18,0.0001
2022-07-19,6.9e-05
2022-07-20,0.0001
2022-07-21,7.2e-05
2022-07-22,0.0001
2022-07-23,4.4e-05
2022-07-24,7e-05
2022-07-25,6.4e-05
2022-07-26,-5.9e-05
2022-07-27,-5.1e-05
2022-07-28,6.1e-05
2022-07-29,0.0001
2022-07-30,6.066666667e-05
2022-07-31,7.166666667e-05
2022-08-01,7.666666667e-05
2022-08-02,7.733333333e-05
2022-08-03,5.166666667e-05
2022-08-04,6.7e-05
2022-08-05,1.633333333e-05
2022-08-06,8e-05
2022-08-07,3.766666667e-05
2022-08-08,6.9e-05
2022-08-09,6.533333333e-05
2022-08-10,1e-06
2022-08-11,0.0001
2022-08-12,7.5e-05
2022-08-13,7.966666667e-05
2022-08-14,3.7e-05
2022-08-15,1.3e-05
2022-08-16,5.633333333e-05
2022-08-17,-2.466666667e-05
2022-08-18,-3.133333333e-05
2022-08-19,-0.000112
2022-08-20,-0.0001593333333
2022-08-21,-0.000147
2022-08-22,-3.9e-05
2022-08-23,2.666666667e-05
2022-08-24,-5.433333333e-05
2022-08-25,-6.233333333e-05
2022-08-26,-1.966666667e-05
2022-08-27,-0.0002093333333
2022-08-28,-0.0002653333333
2022-08-29,-0.0001586666667
2022-08-30,-0.000249
2022-08-31,-7e-05
2022-09-01,-1.533333333e-05
2022-09-02,-3e-05
2022-09-03,-2.966666667e-05
2022-09-04,-0.0001096666667
2022-09-05,-0.000128
2022-09-06,-8.266666667e-05
2022-09-07,-6.333333333e-05
2022-09-08,8.333333333e-06
2022-09-09,-1e-06
2022-09-10,4.033333333e-05
2022-09-11,-6.3e-05
2022-09-12,-2.266666667e-05
2022-09-13,-3.233333333e-05
2022-09-14,-3.433333333e-05
2022-09-15,-0.000113
2022-09-16,-0.0001073333333
2022-09-17,-7.033333333e-05
2022-09-18,-8.9e-05
2022-09-19,-0.000142
2022-09-20,-7.166666667e-05
2022-09-21,-8e-06
2022-09-22,-9.266666667e-05
2022-09-23,-6e-06
2022-09-24,-2.4e-05
2022-09-25,-0.0001136666667
2022-09-26,2.033333333e-05
2022-09-27,3.7e-05
2022-09-28,6.433333333e-05
2022-09-29,6.3e-05
2022-09-30,-5.333333333e-05
2022-10-01,-8.166666667e-05
2022-10-02,-3.466666667e-05
2022-10-03,-0.000151
2022-10-04,-2.1e-05
2022-10-05,-5.166666667e-05
2022-10-06,2.166666667e-05
2022-10-07,-8e-06
2022-10-08,-6.2e-05
2022-10-09,-5.066666667e-05
2022-10-10,-0.0001336666667
2022-10-11,1.6e-05
2022-10-12,-6e-06
2022-10-13,-6e-06
2022-10-14,-3.333333333e-05
2022-10-15,8.2e-05
2022-10-16,-2.633333333e-05
2022-10-17,1e-05
2022-10-18,3.8e-05
2022-10-19,0.0001
2022-10-20,6.666666667e-06
2022-10-21,3.633333333e-05
2022-10-22,9.5e-05
2022-10-23,-2.533333333e-05
2022-10-24,8.333333333e-05
2022-10-25,-3.333333333e-07
2022-10-26,6.2e-05
2022-10-27,4.833333333e-05
2022-10-28,0.0001
2022-10-29,-2.333333333e-05
2022-10-30,9.333333333e-06
2022-10-31,0.0001
2022-11-01,-1.433333333e-05
2022-11-02,5.666666667e-05
2022-11-03,1e-05
2022-11-04,1.233333333e-05
2022-11-05,9.1e-05
2022-11-06,0.0001
2022-11-07,7.166666667e-05
2022-11-08,3.766666667e-05
2022-11-09,-9.233333333e-05
2022-11-10,-0.002043666667
2022-11-11,-0.002083333333
2022-11-12,-0.0003883333333
2022-11-13,-0.000226
2022-11-14,-0.0003283333333
2022-11-15,-5.933333333e-05
2022-11-16,-1.3e-05
2022-11-17,0.0001
2022-11-18,0.0001
2022-11-19,2.933333333e-05
2022-11-20,5.166666667e-05
2022-11-21,0.0001
2022-11-22,-5.4e-05
2022-11-23,-0.0002096666667
2022-11-24,-9.066666667e-05
2022-11-25,0.0001
2022-11-26,-5.8e-05
2022-11-27,-0.00024
2022-11-28,0.0001
2022-11-29,-2.833333333e-05
2022-11-30,-1.466666667e-05
2022-12-01,2.833333333e-05
2022-12-02,-4.1e-05
2022-12-03,5.6e-05
2022-12-04,5.8e-05
2022-12-05,-0.0001636666667
2022-12-06,-0.000358
2022-12-07,-2.666666667e-06
2022-12-08,-1.566666667e-05
2022-12-09,-0.0002093333333
2022-12-10,-2.033333333e-05
2022-12-11,-0.0003336666667
2022-12-12,-0.0001296666667
2022-12-13,-7.866666667e-05
2022-12-14,8.6e-05
2022-12-15,3.466666667e-05
2022-12-16,-4.266666667e-05
2022-12-17,-0.000301
2022-12-18,-0.000219
2022-12-19,-4.4e-05
2022-12-20,-1.866666667e-05
2022-12-21,-6.166666667e-05
2022-12-22,0.0001
2022-12-23,5.666666667e-05
2022-12-24,-8.3e-05
2022-12-25,-3.866666667e-05
2022-12-26,5.533333333e-05
2022-12-27,-2.866666667e-05
2022-12-28,5.666666667e-06
2022-12-29,0.0001
2022-12-30,-6.866666667e-05
2022-12-31,0.0001
2023-01-01,-1.266666667e-05
2023-01-02,3.766666667e-05
2023-01-03,2.9e-05
2023-01-04,-7.266666667e-05
2023-01-05,3.766666667e-05
2023-01-06,-0.0001133333333
2023-01-07,5.466666667e-05
2023-01-08,0.0001
2023-01-09,0.0001
2023-01-10,5.866666667e-05
2023-01-11,0.0001
2023-01-12,0.0001
2023-01-13,0.0001
2023-01-14,6.933333333e-05
2023-01-15,0.0001
2023-01-16,0.0001
2023-01-17,0.0001
2023-01-18,-4.9e-05
2023-01-19,7.966666667e-05
2023-01-20,-0.0001133333333
2023-01-21,0.0001
2023-01-22,0.0001
2023-01-23,7.5e-05
2023-01-24,0.0001
2023-01-25,0.0001
2023-01-26,0.0001
2023-01-27,9.333333333e-05
2023-01-28,6.233333333e-05
2023-01-29,9.233333333e-05
2023-01-30,0.0001
2023-01-31,2.033333333e-05
2023-02-01,-6.166666667e-05
2023-02-02,0.0001
2023-02-03,9.266666667e-05
2023-02-04,5.4e-05
2023-02-05,-9.4e-05
2023-02-06,5.366666667e-05
2023-02-07,2.666666667e-05
2023-02-08,5.333333333e-05
2023-02-09,-0.0001663333333
2023-02-10,-7.566666667e-05
2023-02-11,1.8e-05
2023-02-12,-0.0002053333333
2023-02-13,-0.0002293333333
2023-02-14,2e-06
2023-02-15,-9.333333333e-06
2023-02-16,0.00013
2023-02-17,0.0001786666667
2023-02-18,0.0001
2023-02-19,0.0001
2023-02-20,0.0001
2023-02-21,0.0001
2023-02-22,0.0001
2023-02-23,0.0001
2023-02-24,0.0001
2023-02-25,3.8e-05
2023-02-26,9.033333333e-05
2023-02-27,0.0001
2023-02-28,0.0001
2023-03-01,6.033333333e-05
2023-03-02,0.0001
2023-03-03,-5.7e-05
2023-03-04,5.6e-05
2023-03-05,-8.333333333e-06
2023-03-06,-0.0001946666667
2023-03-07,2.566666667e-05
2023-03-08,7.666666667e-05
2023-03-09,-1.233333333e-05
2023-03-10,-0.0002606666667
2023-03-11,-0.0007643333333
2023-03-12,-0.001146333333
2023-03-13,-0.000715
2023-03-14,-1.666666667e-06
2023-03-15,0.0001
2023-03-16,-0.0001466666667
2023-03-17,0.0001
2023-03-18,0.0001
2023-03-19,0.0001
2023-03-20,3.5e-05
2023-03-21,-0.0001196666667
2023-03-22,-6.933333333e-05
2023-03-23,-9.333333333e-06
2023-03-24,7.533333333e-05
2023-03-25,5.9e-05
2023-03-26,-1.766666667e-05
2023-03-27,6.7e-05
2023-03-28,4.3e-05
2023-03-29,7.8e-05
2023-03-30,0.0001
2023-03-31,6.066666667e-05
2023-04-01,0.0001
2023-04-02,0.0001
2023-04-03,-5.633333333e-05
2023-04-04,-5.4e-05
2023-04-05,0.0001
2023-04-06,2.466666667e-05
2023-04-07,-5.566666667e-05
2023-04-08,-9e-06
2023-04-09,-2.766666667e-05
2023-04-10,6.433333333e-05
2023-04-11,0.0001
2023-04-12,0.0001
2023-04-13,5.9e-05
2023-04-14,8.933333333e-05
2023-04-15,5.633333333e-05
2023-04-16,0.0001
2023-04-17,4.333333333e-05
2023-04-18,1.333333333e-05
2023-04-19,3.433333333e-05
2023-04-20,-0.0001153333333
2023-04-21,8.933333333e-05
2023-04-22,0.0001
2023-04-23,-1.333333333e-06
2023-04-24,2.333333333e-05
2023-04-25,-4.133333333e-05
2023-04-26,5.933333333e-05
2023-04-27,-7.933333333e-05
2023-04-28,-8.1e-05
2023-04-29,-0.000233
2023-04-30,-2.566666667e-05
2023-05-01,-1.033333333e-05
2023-05-02,1.5e-05
2023-05-03,-3.466666667e-05
2023-05-04,0.0001
2023-05-05,-2.166666667e-05
2023-05-06,-0.0001466666667
2023-05-07,-0.000546
2023-05-08,-0.001113
2023-05-09,-0.0008326666667
2023-05-10,6.866666667e-05
2023-05-11,-7.8e-05
2023-05-12,-2.033333333e-05
2023-05-13,8e-06
2023-05-14,-0.000173
2023-05-15,-7.8e-05
2023-05-16,7.666666667e-06
2023-05-17,7.833333333e-05
2023-05-18,3.566666667e-05
2023-05-19,6.866666667e-05
2023-05-20,-5.2e-05
2023-05-21,-0.0001113333333
2023-05-22,8.166666667e-05
2023-05-23,9.133333333e-05
2023-05-24,1.066666667e-05
2023-05-25,6.666666667e-05
2023-05-26,-1.133333333e-05
2023-05-27,-4.133333333e-05
2023-05-28,0.0001
2023-05-29,0.0001
2023-05-30,9.433333333e-05
2023-05-31,0.0001
2023-06-01,5.333333333e-06
2023-06-02,6.666666667e-06
2023-06-03,3.066666667e-05
2023-06-04,-2.066666667e-05
2023-06-05,4.366666667e-05
2023-06-06,-2.066666667e-05
2023-06-07,0.0001
2023-06-08,6.9e-05
2023-06-09,5.433333333e-05
2023-06-10,-1.5e-05
2023-06-11,-4.866666667e-05
2023-06-12,4.533333333e-05
2023-06-13,0.0001
2023-06-14,8.666666667e-05
2023-06-15,3.533333333e-05
2023-06-16,0.0001
2023-06-17,0.0001
2023-06-18,8.833333333e-05
2023-06-19,7.4e-05
2023-06-20,0.0001
2023-06-21,3.766666667e-05
2023-06-22,0.0001
2023-06-23,0.0001
2023-06-24,6.6e-05
2023-06-25,8.833333333e-05
2023-06-26,9.5e-05
2023-06-27,5.3e-05
2023-06-28,3.4e-05
2023-06-29,6.166666667e-05
2023-06-30,0.0001
2023-07-01,0.0001
2023-07-02,0.0001
2023-07-03,9.233333333e-05
2023-07-04,9.1e-05
2023-07-05,5.7e-05
2023-07-06,7.6e-05
2023-07-07,-0.0001093333333
2023-07-08,9.666666667e-06
2023-07-09,-8.666666667e-06
2023-07-10,5.666666667e-05
2023-07-11,0.0001
2023-07-12,0.0001
2023-07-13,4.6e-05
2023-07-14,0.0001
2023-07-15,-7.333333333e-05
2023-07-16,5.8e-05
2023-07-17,-4.133333333e-05
2023-07-18,2.333333333e-05
2023-07-19,6.733333333e-05
2023-07-20,7.133333333e-05
2023-07-21,3.333333333e-06
2023-07-22,6.333333333e-06
2023-07-23,4.333333333e-06
2023-07-24,3e-06
2023-07-25,2.8e-05
2023-07-26,-2.9e-05
2023-07-27,7.5e-05
2023-07-28,5.266666667e-05
2023-07-29,6.666666667e-07
2023-07-30,9.333333333e-06
2023-07-31,3.266666667e-05
2023-08-01,-2.6e-05
2023-08-02,0.0001
2023-08-03,0.0001
2023-08-04,0.0001
2023-08-05,0.0001
2023-08-06,0.0001
2023-08-07,0.0001
2023-08-08,0.0001
2023-08-09,0.0001
2023-08-10,0.0001
2023-08-11,0.0001
2023-08-12,0.0001
2023-08-13,8.5e-05
2023-08-14,7.2e-05
2023-08-15,0.0001
2023-08-16,0.0001
2023-08-17,-9.966666667e-05
2023-08-18,-0.0005376666667
2023-08-19,-3.6e-05
2023-08-20,-0.0001436666667
2023-08-21,-6.733333333e-05
2023-08-22,2.3e-05
2023-08-23,7.733333333e-05
2023-08-24,2.333333333e-05
2023-08-25,1.233333333e-05
2023-08-26,3.166666667e-05
2023-08-27,0.0001
2023-08-28,-6.166666667e-05
2023-08-29,-2.333333333e-06
2023-08-30,8.033333333e-05
2023-08-31,4.666666667e-06
2023-09-01,-0.000135
2023-09-02,5.333333333e-05
2023-09-03,-6.333333333e-06
2023-09-04,0.0001
2023-09-05,6.466666667e-05
2023-09-06,9.733333333e-05
2023-09-07,0.0001
2023-09-08,0.0001
2023-09-09,6.8e-05
2023-09-10,7.933333333e-05
2023-09-11,2.766666667e-05
2023-09-12,-4.333333333e-06
2023-09-13,2.666666667e-05
2023-09-14,4.366666667e-05
2023-09-15,5.533333333e-05
2023-09-16,4e-06
2023-09-17,-8.9e-05
2023-09-18,-1.366666667e-05
2023-09-19,-2.433333333e-05
2023-09-20,-5.133333333e-05
2023-09-21,3.333333333e-05
2023-09-22,2.866666667e-05
2023-09-23,0.0001
2023-09-24,0.0001
2023-09-25,-7.533333333e-05
2023-09-26,6.133333333e-05
2023-09-27,9.966666667e-05
2023-09-28,8.5e-05
2023-09-29,7.466666667e-05
2023-09-30,9.133333333e-05
2023-10-01,5.666666667e-06
2023-10-02,6.766666667e-05
2023-10-03,7.9e-05
2023-10-04,1.1e-05
2023-10-05,3.666666667e-06
2023-10-06,-4.933333333e-05
2023-10-07,-1.066666667e-05
2023-10-08,-0.0001
2023-10-09,-1.6e-05
2023-10-10,7.733333333e-05
2023-10-11,-2.766666667e-05
2023-10-12,8.8e-05
2023-10-13,0.0001
2023-10-14,4.933333333e-05
2023-10-15,-2.733333333e-05
2023-10-16,1.333333333e-06
2023-10-17,2.866666667e-05
2023-10-18,-1.233333333e-05
2023-10-19,-1.133333333e-05
2023-10-20,2.233333333e-05
2023-10-21,-4.333333333e-06
2023-10-22,7.9e-05
2023-10-23,8.7e-05
2023-10-24,9.933333333e-05
2023-10-25,0.000119
2023-10-26,0.0001826666667
2023-10-27,0.0001
2023-10-28,0.0001
2023-10-29,0.0003013333333
2023-10-30,0.0002456666667
2023-10-31,0.0001306666667
2023-11-01,0.0002286666667
2023-11-02,0.0003193333333
2023-11-03,0.0001
2023-11-04,0.0001
2023-11-05,0.0001
2023-11-06,0.000218
2023-11-07,0.0001
2023-11-08,0.0001076666667
2023-11-09,0.0002286666667
2023-11-10,0.0004396666667
2023-11-11,0.000101
2023-11-12,0.000172
2023-11-13,0.0002646666667
2023-11-14,0.0001106666667
2023-11-15,0.0001
2023-11-16,0.0001
2023-11-17,0.0001
2023-11-18,0.0001
2023-11-19,0.0001
2023-11-20,0.0001
2023-11-21,0.0001
2023-11-22,7.333333333e-05
2023-11-23,0.0001
2023-11-24,0.0001
2023-11-25,0.0001
2023-11-26,0.0001
2023-11-27,5.366666667e-05
2023-11-28,6.966666667e-05
2023-11-29,4.9e-05
2023-11-30,5.9e-05
2023-12-01,0.0001366666667
2023-12-02,0.000143
2023-12-03,0.00017
2023-12-04,0.000329
2023-12-05,0.0001856666667
2023-12-06,0.0001366666667
2023-12-07,3.433333333e-05
2023-12-08,0.0001
2023-12-09,0.0001
2023-12-10,0.0001
2023-12-11,0.0001
2023-12-12,0.0001
2023-12-13,0.0001
2023-12-14,0.0001
2023-12-15,0.0001
2023-12-16,0.0001
2023-12-17,0.0001123333333
2023-12-18,0.0001146666667
2023-12-19,0.0001
2023-12-20,0.0001
2023-12-21,0.0001
2023-12-22,0.0001
2023-12-23,0.0001
2023-12-24,0.0001
2023-12-25,0.0001
2023-12-26,0.0001993333333
2023-12-27,0.0001316666667
2023-12-28,0.0004056666667
2023-12-29,0.000151
2023-12-30,0.0001
2023-12-31,0.0001596666667
2024-01-01,0.000215
2024-01-02,0.0005453333333
2024-01-03,0.0001516666667
2024-01-04,0.0001
2024-01-05,8.533333333e-05
2024-01-06,-3.5e-05
2024-01-07,1.8e-05
2024-01-08,-0.000167
2024-01-09,0.0001
2024-01-10,0.0001
2024-01-11,0.0001
2024-01-12,0.0001
2024-01-13,-5.2e-05
2024-01-14,6.366666667e-05
2024-01-15,9.533333333e-05
2024-01-16,9.1e-05
2024-01-17,5.566666667e-05
2024-01-18,7.566666667e-05
2024-01-19,4.966666667e-05
2024-01-20,0.0001
2024-01-21,9.233333333e-05
2024-01-22,0.0001
2024-01-23,0.0001
2024-01-24,0.0001
2024-01-25,9.366666667e-05
2024-01-26,0.0001
2024-01-27,5.933333333e-05
2024-01-28,4.3e-05
2024-01-29,0.0001
2024-01-30,0.0001
2024-01-31,-3.133333333e-05
2024-02-01,-8e-06
2024-02-02,0.0001
2024-02-03,8e-05
2024-02-04,-1.166666667e-05
2024-02-05,4.566666667e-05
2024-02-06,0.0001
2024-02-07,0.0001
2024-02-08,0.0001
2024-02-09,0.0001
2024-02-10,0.0001
2024-02-11,0.0001
2024-02-12,0.0001
2024-02-13,0.0001
2024-02-14,0.000113
2024-02-15,0.0001573333333
2024-02-16,0.0002803333333
2024-02-17,0.0001343333333
2024-02-18,0.000103
2024-02-19,0.0002836666667
2024-02-20,0.0001286666667
2024-02-21,0.0001353333333
2024-02-22,0.0001646666667
2024-02-23,0.0001
2024-02-24,0.0001
2024-02-25,0.0001463333333
2024-02-26,0.000117
2024-02-27,0.0005043333333
2024-02-28,0.0002186666667
2024-02-29,0.0007276666667
2024-03-01,0.0005756666667
2024-03-02,0.000144
2024-03-03,0.0002333333333
2024-03-04,0.0006306666667
2024-03-05,0.000588
2024-03-06,0.0002833333333
2024-03-07,0.0001426666667
2024-03-08,0.0001856666667
2024-03-09,0.0001476666667
2024-03-10,0.0003506666667
2024-03-11,0.0006103333333
2024-03-12,0.0007436666667
2024-03-13,0.0003993333333
2024-03-14,0.000238
2024-03-15,0.00021
2024-03-16,0.0001
2024-03-17,0.0001
2024-03-18,0.0001
2024-03-19,0.0001
2024-03-20,0.0001
2024-03-21,0.0001
2024-03-22,0.0001
2024-03-23,0.0001033333333
2024-03-24,0.0001413333333
2024-03-25,0.0002066666667
2024-03-26,0.000299
2024-03-27,0.000389
2024-03-28,0.0005016666667
2024-03-29,0.0003133333333
2024-03-30,0.0003856666667
2024-03-31,0.0005196666667
2024-04-01,0.0005916666667
2024-04-02,0.0001
2024-04-03,0.0001
2024-04-04,9.9e-05
2024-04-05,0.0001
2024-04-06,9.566666667e-05
2024-04-07,9.866666667e-05
2024-04-08,0.0001
2024-04-09,0.0001
2024-04-10,0.0001
2024-04-11,0.0001
2024-04-12,0.0001
2024-04-13,6.4e-05
2024-04-14,-4.333333333e-06
2024-04-15,-7.8e-05
2024-04-16,6.133333333e-05
2024-04-17,-1e-05
2024-04-18,-5.633333333e-05
2024-04-19,-4.2e-05
2024-04-20,-0.0001396666667
2024-04-21,2.8e-05
2024-04-22,0.0001
2024-04-23,-3.833333333e-05
2024-04-24,6.833333333e-05
2024-04-25,9.4e-05
2024-04-26,8.733333333e-05
2024-04-27,5.7e-05
2024-04-28,0.0001
2024-04-29,-1.9e-05
2024-04-30,5.066666667e-05
2024-05-01,1.266666667e-05
2024-05-02,1.733333333e-05
2024-05-03,-0.000149
2024-05-04,8.866666667e-05
2024-05-05,6.266666667e-05
2024-05-06,4.2e-05
2024-05-07,1.866666667e-05
2024-05-08,-1.433333333e-05
2024-05-09,3.433333333e-05
2024-05-10,2.6e-05
2024-05-11,3.766666667e-05
2024-05-12,7.666666667e-06
2024-05-13,0.0001
2024-05-14,6.566666667e-05
2024-05-15,6.3e-05
2024-05-16,4.366666667e-05
2024-05-17,3.433333333e-05
2024-05-18,5.333333333e-06
2024-05-19,9.933333333e-05
2024-05-20,4.766666667e-05
2024-05-21,0.0001
2024-05-22,0.0001
2024-05-23,0.0001
2024-05-24,0.0001
2024-05-25,0.0001
2024-05-26,0.0001
2024-05-27,0.0001
2024-05-28,0.0001163333333
2024-05-29,0.0001
2024-05-30,0.0001
2024-05-31,0.0001
2024-06-01,0.0001
2024-06-02,0.0001
2024-06-03,0.0001
2024-06-04,0.0001
2024-06-05,0.0001
2024-06-06,0.0001
2024-06-07,0.000102
2024-06-08,0.0001
2024-06-09,0.0001
2024-06-10,0.0001
2024-06-11,2.066666667e-05
2024-06-12,0.0001
2024-06-13,3.066666667e-05
2024-06-14,2.633333333e-05
2024-06-15,-0.0001063333333
2024-06-16,2.933333333e-05
2024-06-17,2.666666667e-05
2024-06-18,-4.233333333e-05
2024-06-19,-3.7e-05
2024-06-20,7.666666667e-06
2024-06-21,-2.833333333e-05
2024-06-22,7.333333333e-06
2024-06-23,-1.766666667e-05
2024-06-24,-9.333333333e-05
2024-06-25,-2.4e-05
2024-06-26,8.3e-05
2024-06-27,9.9e-05
2024-06-28,0.0001
2024-06-29,9.733333333e-05
2024-06-30,0.0001
2024-07-01,9.666666667e-05
2024-07-02,0.0001
2024-07-03,6.466666667e-05
2024-07-04,3.3e-05
2024-07-05,9.866666667e-05
2024-07-06,3.366666667e-05
2024-07-07,-2.366666667e-05
2024-07-08,0.0001
2024-07-09,6.733333333e-05
2024-07-10,1.966666667e-05
2024-07-11,3.933333333e-05
2024-07-12,8.833333333e-05
2024-07-13,-2.433333333e-05
2024-07-14,3.333333333e-05
2024-07-15,9.266666667e-05
2024-07-16,0.0001
2024-07-17,0.0001
2024-07-18,0.0001
2024-07-19,0.0001
2024-07-20,0.0001
2024-07-21,0.0001
2024-07-22,0.0001
2024-07-23,8.8e-05
2024-07-24,0.0001
2024-07-25,0.0001
2024-07-26,7.233333333e-05
2024-07-27,3.633333333e-05
2024-07-28,-3.333333333e-06
2024-07-29,9.8e-05
2024-07-30,5.5e-05
2024-07-31,0.0001
2024-08-01,0.0001
2024-08-02,0.0001
2024-08-03,9.5e-05
2024-08-04,7.6e-05
2024-08-05,-0.0001036666667
2024-08-06,-6.6e-05
2024-08-07,-4e-06
2024-08-08,0.0001
2024-08-09,6.6e-05
2024-08-10,0.0001
2024-08-11,0.0001
2024-08-12,0.0001
2024-08-13,1.766666667e-05
2024-08-14,9.4e-05
2024-08-15,9.066666667e-05
2024-08-16,4.333333333e-06
2024-08-17,7.033333333e-05
2024-08-18,0.0001
2024-08-19,-9e-06
2024-08-20,5.333333333e-05
2024-08-21,2.566666667e-05
2024-08-22,6.866666667e-05
2024-08-23,9.333333333e-05
2024-08-24,9.966666667e-05
2024-08-25,0.0001
2024-08-26,4.2e-05
2024-08-27,3.666666667e-05
2024-08-28,3.666666667e-06
2024-08-29,-2.466666667e-05
2024-08-30,-8.866666667e-05
2024-08-31,-1.666666667e-06
2024-09-01,3.833333333e-05
2024-09-02,3.333333333e-07
2024-09-03,0.0001
2024-09-04,-5.866666667e-05
2024-09-05,5.633333333e-05
2024-09-06,4.633333333e-05
2024-09-07,-0.000181
2024-09-08,-5.7e-05
2024-09-09,-5.266666667e-05
2024-09-10,-1.033333333e-05
2024-09-11,6.433333333e-05
2024-09-12,-0.000115
2024-09-13,-9.966666667e-05
2024-09-14,5.633333333e-05
2024-09-15,4.866666667e-05
2024-09-16,-6.666666667e-06
2024-09-17,0.0001
2024-09-18,0.0001
2024-09-19,8.7e-05
2024-09-20,8.166666667e-05
2024-09-21,0.0001
2024-09-22,-5.333333333e-05
2024-09-23,1e-06
2024-09-24,-1e-05
2024-09-25,7.933333333e-05
2024-09-26,3.966666667e-05
2024-09-27,-3.633333333e-05
2024-09-28,0.0001
2024-09-29,0.0001
2024-09-30,6.666666667e-05
2024-10-01,0.0001
2024-10-02,-2.066666667e-05
2024-10-03,8.033333333e-05
2024-10-04,4.033333333e-05
2024-10-05,9.866666667e-05
2024-10-06,0.0001
2024-10-07,0.0001
2024-10-08,6.233333333e-05
2024-10-09,8.1e-05
2024-10-10,1.8e-05
2024-10-11,-4.566666667e-05
2024-10-12,0.0001
2024-10-13,0.0001
2024-10-14,0.0001
2024-10-15,0.0001
2024-10-16,0.0001
2024-10-17,0.0001
2024-10-18,0.0001
2024-10-19,0.0001
2024-10-20,0.0001
2024-10-21,0.0001
2024-10-22,0.0001
2024-10-23,0.0001
2024-10-24,0.0001
2024-10-25,0.0001
2024-10-26,0.0001
2024-10-27,0.0001
2024-10-28,0.0001
2024-10-29,0.000176
2024-10-30,0.0002273333333
2024-10-31,0.0001
2024-11-01,0.0001
2024-11-02,0.0001
2024-11-03,0.0001
2024-11-04,0.0001
2024-11-05,0.0001
2024-11-06,0.000107
2024-11-07,0.0001
2024-11-08,0.0001
2024-11-09,0.0001
2024-11-10,0.0002023333333
2024-11-11,0.000224
2024-11-12,0.0003463333333
2024-11-13,0.000219
2024-11-14,0.000121
2024-11-15,0.0001
2024-11-16,0.0001
2024-11-17,0.0001506666667
2024-11-18,0.000366
2024-11-19,0.000282
2024-11-20,0.000185
2024-11-21,0.0001
2024-11-22,0.00015
2024-11-23,0.000122
2024-11-24,0.0001
2024-11-25,0.000249
2024-11-26,0.0001213333333
2024-11-27,0.0002136666667
2024-11-28,0.0001
2024-11-29,0.0002846666667
2024-11-30,0.0001416666667
2024-12-01,0.0001056666667
2024-12-02,0.0001583333333
2024-12-03,0.000118
2024-12-04,0.000344
2024-12-05,0.0007783333333
2024-12-06,0.000283
2024-12-07,0.0002023333333
2024-12-08,0.000195
2024-12-09,0.0001573333333
2024-12-10,0.0001173333333
2024-12-11,0.0001
2024-12-12,0.0001006666667
2024-12-13,0.000109
2024-12-14,0.0001
2024-12-15,0.0001
2024-12-16,0.000184
2024-12-17,0.0001
2024-12-18,0.0001
2024-12-19,0.0001
2024-12-20,0.0001
2024-12-21,4.966666667e-05
2024-12-22,0.0001
2024-12-23,0.0001
2024-12-24,0.0001
2024-12-25,5.066666667e-05
2024-12-26,0.0001
2024-12-27,0.0001
2024-12-28,4.5e-05
2024-12-29,4.933333333e-05
2024-12-30,5.6e-05
2024-12-31,0.0001
2025-01-01,0.0001
2025-01-02,0.0001
2025-01-03,0.0001
2025-01-04,0.0001
2025-01-05,0.0001
2025-01-06,0.0001
2025-01-07,0.0001
2025-01-08,0.0001
2025-01-09,9.133333333e-05
2025-01-10,-2.233333333e-05
2025-01-11,6.8e-05
2025-01-12,2.866666667e-05
2025-01-13,6.9e-05
2025-01-14,6.9e-05
2025-01-15,7.2e-05
2025-01-16,9.366666667e-05
2025-01-17,0.0001
2025-01-18,0.0001
2025-01-19,0.0001
2025-01-20,0.0001586666667
2025-01-21,0.0001153333333
2025-01-22,0.0001
2025-01-23,0.0001
2025-01-24,0.0001
2025-01-25,0.0001
2025-01-26,0.0001
2025-01-27,0.0001
2025-01-28,4.366666667e-05
2025-01-29,0.0001
2025-01-30,0.0001
2025-01-31,7.366666667e-05
2025-02-01,7.766666667e-05
2025-02-02,7.866666667e-05
2025-02-03,-1e-05
2025-02-04,2.5e-05
2025-02-05,0.0001
2025-02-06,9.666666667e-05
2025-02-07,7.666666667e-06
2025-02-08,8.2e-05
2025-02-09,7.333333333e-06
2025-02-10,0.0001
2025-02-11,7.4e-05
2025-02-12,6.7e-05
2025-02-13,0.0001
2025-02-14,7.666666667e-05
2025-02-15,0.0001
2025-02-16,0.0001
2025-02-17,9.633333333e-05
2025-02-18,0.0001
2025-02-19,6.233333333e-05
2025-02-20,9.766666667e-05
2025-02-21,0.0001
2025-02-22,0.0001
2025-02-23,0.0001
2025-02-24,8.1e-05
2025-02-25,7e-05
2025-02-26,9.1e-05
2025-02-27,9.6e-05
2025-02-28,0.0001
2025-03-01,2.533333333e-05
2025-03-02,-0.0001413333333
2025-03-03,4.4e-05
2025-03-04,0.0001
2025-03-05,1.7e-05
2025-03-06,-1.6e-05
2025-03-07,7.4e-05
2025-03-08,4.166666667e-05
2025-03-09,-2.666666667e-05
2025-03-10,1e-05
2025-03-11,-5.733333333e-05
2025-03-12,2e-06
2025-03-13,-3.566666667e-05
2025-03-14,-2e-06
2025-03-15,-5.066666667e-05
2025-03-16,2.433333333e-05
2025-03-17,1.666666667e-06
2025-03-18,5.2e-05
2025-03-19,4.933333333e-05
2025-03-20,8.8e-05
2025-03-21,2.7e-05
2025-03-22,-8.166666667e-05
2025-03-23,8.733333333e-05
2025-03-24,7e-05
2025-03-25,-7e-06
2025-03-26,3.233333333e-05
2025-03-27,-4.2e-05
2025-03-28,4.266666667e-05
2025-03-29,-7.833333333e-05
2025-03-30,-0.000181
2025-03-31,-3.833333333e-05
2025-04-01,7.666666667e-05
2025-04-02,8.5e-05
2025-04-03,0.0001
2025-04-04,9.833333333e-05
2025-04-05,3.633333333e-05
2025-04-06,5.3e-05
2025-04-07,-1.433333333e-05
2025-04-08,2e-05
2025-04-09,5.5e-05
2025-04-10,1.3e-05
2025-04-11,5.066666667e-05
2025-04-12,7.933333333e-05
2025-04-13,-2e-05
2025-04-14,4e-05
2025-04-15,-7.266666667e-05
2025-04-16,3.933333333e-05
2025-04-17,7.2e-05
2025-04-18,6.966666667e-05
2025-04-19,3.9e-05
2025-04-20,6.533333333e-05
2025-04-21,6.966666667e-05
2025-04-22,7.366666667e-05
2025-04-23,-3.333333333e-07
2025-04-24,6.666666667e-07
2025-04-25,-3.333333333e-05
2025-04-26,-2.433333333e-05
2025-04-27,7.033333333e-05
2025-04-28,-6e-06
2025-04-29,-1.066666667e-05
2025-04-30,9.333333333e-06
2025-05-01,9.2e-05
2025-05-02,9.166666667e-05
2025-05-03,-4.233333333e-05
2025-05-04,-8e-05
2025-05-05,-0.0001153333333
2025-05-06,0.0001
2025-05-07,0.0001
2025-05-08,0.0001
2025-05-09,9.166666667e-05
2025-05-10,0.0001
2025-05-11,0.0001
2025-05-12,0.0001
2025-05-13,0.0001
2025-05-14,0.0001
2025-05-15,5.933333333e-05
2025-05-16,9.533333333e-05
2025-05-17,6.966666667e-05
2025-05-18,8.433333333e-05
2025-05-19,0.0001
2025-05-20,9.166666667e-05
2025-05-21,0.0001
2025-05-22,0.0001
2025-05-23,0.0001
2025-05-24,7.2e-05
2025-05-25,7.333333333e-05
2025-05-26,5.533333333e-05
2025-05-27,7.033333333e-05
2025-05-28,3.6e-05
2025-05-29,5.2e-05
2025-05-30,3.233333333e-05
2025-05-31,7.8e-05
2025-06-01,8.633333333e-05
2025-06-02,8.2e-05
2025-06-03,6.8e-05
2025-06-04,4.866666667e-05
2025-06-05,5.133333333e-05
2025-06-06,-1.366666667e-05
2025-06-07,4.666666667e-05
2025-06-08,2.633333333e-05
2025-06-09,4.466666667e-05
2025-06-10,6.166666667e-05
2025-06-11,0.0001
2025-06-12,9.666666667e-05
2025-06-13,8.033333333e-05
2025-06-14,5.333333333e-05
2025-06-15,-3.666666667e-05
2025-06-16,5.466666667e-05
2025-06-17,3.133333333e-05
2025-06-18,-4.333333333e-05
2025-06-19,-0.000102
2025-06-20,-2.1e-05
2025-06-21,-0.0001
2025-06-22,4.066666667e-05
2025-06-23,-6.866666667e-05
2025-06-24,5.1e-05
2025-06-25,6.8e-05
2025-06-26,-5.9e-05
2025-06-27,-6.666666667e-07
2025-06-28,-1.2e-05
2025-06-29,0.0001
2025-06-30,7.866666667e-05
2025-07-01,-0.000122
2025-07-02,-6.666666667e-07
2025-07-03,0.0001
2025-07-04,0.0001
2025-07-05,0.0001
2025-07-06,-6e-06
2025-07-07,9.333333333e-05
2025-07-08,1.866666667e-05
2025-07-09,0.0001
2025-07-10,0.0001
2025-07-11,0.0001
2025-07-12,0.0001
2025-07-13,0.0001
2025-07-14,0.000189
2025-07-15,0.0001723333333
2025-07-16,0.0001866666667
2025-07-17,0.0001126666667
2025-07-18,0.0001043333333
2025-07-19,0.0001
2025-07-20,0.0001
2025-07-21,0.0001
2025-07-22,0.0001
2025-07-23,0.0003046666667
2025-07-24,0.000125
2025-07-25,0.0001633333333
2025-07-26,0.0001
2025-07-27,0.0001113333333
2025-07-28,0.0001
2025-07-29,0.0001576666667
2025-07-30,0.0001
2025-07-31,0.0001
2025-08-01,0.0001
2025-08-02,-5.466666667e-05
2025-08-03,-0.0001446666667
2025-08-04,5.666666667e-06
2025-08-05,0.0001
2025-08-06,0.0001
2025-08-07,0.0001
2025-08-08,0.0001
2025-08-09,0.0001
2025-08-10,0.0001
2025-08-11,0.0001
2025-08-12,0.0001216666667
2025-08-13,0.0001
2025-08-14,0.0001
2025-08-15,0.0001
2025-08-16,8.566666667e-05
2025-08-17,-8.4e-05
2025-08-18,-2.5e-05
2025-08-19,-2.1e-05
2025-08-20,0.0001
2025-08-21,3.333333333e-05
2025-08-22,0.0001
2025-08-23,0.0001
2025-08-24,0.0001
2025-08-25,0.0001
2025-08-26,0.0001
2025-08-27,0.0001
2025-08-28,0.0001
2025-08-29,0.0001
2025-08-30,0.0001
2025-08-31,9.966666667e-05
2025-09-01,0.0001
2025-09-02,0.0001
2025-09-03,9.8e-05
2025-09-04,0.0001
2025-09-05,6.9e-05
2025-09-06,0.0001
2025-09-07,9.9e-05
2025-09-08,0.0001
2025-09-09,8e-05
2025-09-10,0.0001
2025-09-11,4.866666667e-05
2025-09-12,5.666666667e-05
2025-09-13,4.266666667e-05
2025-09-14,8.033333333e-05
2025-09-15,6.4e-05
2025-09-16,3.166666667e-05
2025-09-17,5.8e-05
2025-09-18,9.7e-05
2025-09-19,0.0001
2025-09-20,0.0001
2025-09-21,5.2e-05
2025-09-22,0.0001
2025-09-23,7.6e-05
2025-09-24,6.866666667e-05
2025-09-25,6.366666667e-05
2025-09-26,6.8e-05
2025-09-27,-9.5e-05
2025-09-28,-6.9e-05
2025-09-29,-2e-05
2025-09-30,-3e-06
2025-10-01,4.8e-05
2025-10-02,-7.666666667e-06
2025-10-03,7.933333333e-05
2025-10-04,0.0001
2025-10-05,0.0001
2025-10-06,0.0001
2025-10-07,0.0001
2025-10-08,0.0001
2025-10-09,9.733333333e-05
2025-10-10,0.0001
2025-10-11,-8.666666667e-06
2025-10-12,7.6e-05
2025-10-13,-4.666666667e-06
2025-10-14,3.7e-05
2025-10-15,7.4e-05
2025-10-16,4.933333333e-05
2025-10-17,0.0001
2025-10-18,2.233333333e-05
2025-10-19,2.266666667e-05
2025-10-20,-1.233333333e-05
2025-10-21,-1.8e-05
2025-10-22,7.6e-05
2025-10-23,0.0001
2025-10-24,5.4e-05
2025-10-25,4.133333333e-05
2025-10-26,8.266666667e-05
2025-10-27,7.933333333e-05
2025-10-28,6.9e-05
2025-10-29,1.9e-05
2025-10-30,6.4e-05
2025-10-31,0.0001
2025-11-01,0.0001
2025-11-02,0.0001
2025-11-03,0.0001
2025-11-04,9.533333333e-05
2025-11-05,0.0001
2025-11-06,4.1e-05
2025-11-07,0.0001
2025-11-08,9e-05
2025-11-09,7.6e-05
2025-11-10,6.933333333e-05
2025-11-11,0.0001
2025-11-12,0.0001
2025-11-13,7.033333333e-05
2025-11-14,0.0001
2025-11-15,0.0001
2025-11-16,5.1e-05
2025-11-17,0.0001
2025-11-18,0.0001
2025-11-19,3.833333333e-05
2025-11-20,0.0001
2025-11-21,0.0001
2025-11-22,3.466666667e-05
2025-11-23,-6.3e-05
2025-11-24,-0.000106
2025-11-25,-8.7e-05
2025-11-26,2.466666667e-05
2025-11-27,-3.366666667e-05
2025-11-28,1.033333333e-05
2025-11-29,-2.633333333e-05
2025-11-30,4.366666667e-05
2025-12-01,1.7e-05
2025-12-02,-6.4e-05
2025-12-03,2.133333333e-05
2025-12-04,3.3e-05
2025-12-05,2.2e-05
2025-12-06,1.7e-05
2025-12-07,1.5e-05
2025-12-08,3.1e-05
2025-12-09,-6.7e-05
2025-12-10,1.133333333e-05
2025-12-11,-4.4e-05
2025-12-12,5.066666667e-05
2025-12-13,-4.266666667e-05
2025-12-14,2.433333333e-05
2025-12-15,-1.133333333e-05
2025-12-16,5.633333333e-05
2025-12-17,5.6e-05
2025-12-18,7.4e-05
2025-12-19,9.266666667e-05
2025-12-20,5.166666667e-05
2025-12-21,7.233333333e-05
2025-12-22,7.033333333e-05
2025-12-23,6.066666667e-05
2025-12-24,3.566666667e-05
2025-12-25,5.766666667e-05
2025-12-26,9.566666667e-05
2025-12-27,4.5e-05
2025-12-28,2.133333333e-05
2025-12-29,0.0001
2025-12-30,4.2e-05
2025-12-31,4.933333333e-05
2026-01-01,0.0001
2026-01-02,5.6e-05
2026-01-03,9e-05
2026-01-04,0.0001
2026-01-05,7.9e-05
2026-01-06,5.733333333e-05
2026-01-07,0.0001
2026-01-08,8.1e-05
2026-01-09,1.8e-05
2026-01-10,0.0001
2026-01-11,0.0001
2026-01-12,9.866666667e-05
2026-01-13,5.233333333e-05
2026-01-14,4.766666667e-05
2026-01-15,-7.033333333e-05
2026-01-16,9.866666667e-05
2026-01-17,4.266666667e-05
2026-01-18,-1.566666667e-05
2026-01-19,-2.3e-05
2026-01-20,2.266666667e-05
2026-01-21,8.633333333e-05
2026-01-22,1.066666667e-05
2026-01-23,0.0001
2026-01-24,4.233333333e-05
2026-01-25,8.166666667e-05
2026-01-26,-6.333333333e-06
2026-01-27,-1.3e-05
2026-01-28,8.4e-05
2026-01-29,8.2e-05
2026-01-30,1.166666667e-05
2026-01-31,0.0001
2026-02-01,-5.766666667e-05
2026-02-02,9.433333333e-05
2026-02-03,-0.0001033333333
2026-02-04,8.7e-05
2026-02-05,7.366666667e-05
2026-02-06,4.433333333e-05
2026-02-07,-0.000153
2026-02-08,4.2e-05
2026-02-09,1.1e-05
2026-02-10,1.466666667e-05
2026-02-11,2.6e-05
2026-02-12,8.333333333e-06
2026-02-13,-2.5e-05
2026-02-14,-0.0001066666667
2026-02-15,3.066666667e-05
2026-02-16,7.933333333e-05
2026-02-17,1.766666667e-05
2026-02-18,6.2e-05
2026-02-19,6.9e-05
2026-02-20,1.433333333e-05
2026-02-21,5.366666667e-05
2026-02-22,-9.666666667e-06
2026-02-23,-3.233333333e-05
2026-02-24,-1.333333333e-06
2026-02-25,-5.566666667e-05
2026-02-26,-3.966666667e-05
2026-02-27,-3.566666667e-05
2026-02-28,-0.0001083333333
2026-03-01,-0.0001346666667
2026-03-02,-2.666666667e-06
2026-03-03,-1e-06
2026-03-04,7e-06
2026-03-05,-5.433333333e-05
2026-03-06,8e-05
2026-03-07,1.833333333e-05
2026-03-08,2.633333333e-05
2026-03-09,-5.233333333e-05
2026-03-10,-0.0002073333333
2026-03-11,-0.0001293333333
2026-03-12,-0.0002123333333
2026-03-13,-0.0001383333333
2026-03-14,2.233333333e-05
2026-03-15,-6.8e-05
2026-03-16,2.966666667e-05
2026-03-17,8.033333333e-05
2026-03-18,-3.633333333e-05
2026-03-19,5.033333333e-05
2026-03-20,2.033333333e-05
2026-03-21,-0.0001463333333
2026-03-22,-0.0001296666667
2026-03-23,4.6e-05
2026-03-24,2.5e-05
2026-03-25,8.4e-05
2026-03-26,9.633333333e-05
2026-03-27,6.666666667e-05
2026-03-28,-0.0001893333333
2026-03-29,-0.0001263333333
2026-03-30,-0.0001126666667
2026-03-31,5e-06
2026-04-01,-6.3e-05
2026-04-02,-2.333333333e-06
2026-04-03,-9.5e-05
2026-04-04,6.666666667e-06
2026-04-05,-5.533333333e-05
2026-04-06,2.533333333e-05
2026-04-07,-0.000102
2026-04-08,9.466666667e-05
2026-04-09,-9.666666667e-06
2026-04-10,-7.866666667e-05
2026-04-11,-0.0002963333333
2026-04-12,-8.2e-05
2026-04-13,5.666666667e-05
2026-04-14,-0.00021
2026-04-15,-0.0001933333333
2026-04-16,-4.566666667e-05
2026-04-17,-1.333333333e-06
2026-04-18,-8.566666667e-05
2026-04-19,-4.066666667e-05
2026-04-20,-6.566666667e-05
2026-04-21,-9.1e-05
2026-04-22,-0.0001
2026-04-23,-0.0001423333333
2026-04-24,-2.5e-05
2026-04-25,-0.000105
2026-04-26,-2.166666667e-05
2026-04-27,-2.966666667e-05
2026-04-28,-2.4e-05
2026-04-29,6e-06
2026-04-30,2.4e-05
2026-05-01,-4.6e-05
2026-05-02,-0.0001846666667
2026-05-03,1e-06
2026-05-04,2.866666667e-05
2026-05-05,-7.033333333e-05
2026-05-06,-9.3e-05
2026-05-07,1.666666667e-06
2026-05-08,-2e-06
2026-05-09,-3.766666667e-05
2026-05-10,-3.3e-05
2026-05-11,6.566666667e-05
2026-05-12,-1.666666667e-06
2026-05-13,1.3e-05
2026-05-14,3.9e-05
2026-05-15,-6.033333333e-05
2026-05-16,-8.366666667e-05
2026-05-17,4.166666667e-05
2026-05-18,-1.933333333e-05
2026-05-19,8.6e-05
2026-05-20,0.0001
2026-05-21,-1.5e-05
2026-05-22,-2.033333333e-05
2026-05-23,-0.0001523333333
2026-05-24,-0.0001706666667
2026-05-25,-7.6e-05
2026-05-26,-7.5e-05
2026-05-27,-5.766666667e-05
2026-05-28,0.0001
2026-05-29,8.6e-05
2026-05-30,-3.3e-05
2026-05-31,-3.366666667e-05
2026-06-01,-8.833333333e-05
2026-06-02,4.633333333e-05
2026-06-03,4.2e-05
2026-06-04,6.166666667e-05
2026-06-05,2.9e-05
2026-06-06,-3.133333333e-05
2026-06-07,-4.366666667e-05
2026-06-08,-5.3e-05
2026-06-09,-4.7e-05
2026-06-10,7.1e-05
2026-06-11,4.066666667e-05
2026-06-12,1.6e-05
2026-06-13,-1.966666667e-05
2026-06-14,-9.4e-05
2026-06-15,-1.066666667e-05
2026-06-16,-0.0001226666667
2026-06-17,6e-06
2026-06-18,7.166666667e-05
2026-06-19,5.8e-05
2026-06-20,-0.0001453333333
2026-06-21,-2.3e-05
2026-06-22,-9.866666667e-05
2026-06-23,2.333333333e-05
2026-06-24,1.366666667e-05
2026-06-25,-0.0001543333333
2026-06-26,-6.533333333e-05
2026-06-27,-8.966666667e-05
2026-06-28,-6.166666667e-05
2026-06-29,2.766666667e-05
2026-06-30,6.533333333e-05
2026-07-01,-3.266666667e-05
2026-07-02,3.3e-05
2026-07-03,6.3e-05
2026-07-04,-0.0001413333333
2026-07-05,4.133333333e-05
2026-07-06,2.866666667e-05
2026-07-07,4.266666667e-05
2026-07-08,-5.133333333e-05
2026-07-09,4.733333333e-05
2026-07-10,-1.1e-05
2026-07-11,2.233333333e-05
2026-07-12,-2.466666667e-05
2026-07-13,1.466666667e-05
2026-07-14,3.233333333e-05
2026-07-15,5.733333333e-05
2026-07-16,4.6e-05
2026-07-17,5.833333333e-05
2026-07-18,-6.4e-05
2026-07-19,-5.033333333e-05
2026-07-20,6.166666667e-05
2026-07-21,4.433333333e-05
2026-07-22,3.366666667e-05
2026-07-23,2.3e-05
2026-07-24,-8.666666667e-06
2026-07-25,-0.0001003333333
2026-07-26,-8.2e-05
2026-07-27,-6.666666667e-06
2026-07-28,-2.066666667e-05
2026-07-29,9.566666667e-05
2026-07-30,1e-05
2026-07-31,-0.0003556666667
2026-08-01,-0.000447
2026-08-02,-9.1e-05
2026-08-03,-7.466666667e-05
2026-08-04,0.0001
2026-08-05,5.066666667e-05
2026-08-06,3.533333333e-05
2026-08-07,2.833333333e-05
2026-08-08,2.6e-05
2026-08-09,7.5e-05
2026-08-10,0.0001
2026-08-11,8.833333333e-05
2026-08-12,6.833333333e-05
2026-08-13,0.0001
2026-08-14,0.0001
2026-08-15,8.733333333e-05
2026-08-16,8.033333333e-05
2026-08-17,6.633333333e-05
2026-08-18,-3e-05
2026-08-19,2.533333333e-05
2026-08-20,7.233333333e-05
2026-08-21,1.1e-05
2026-08-22,0.0001
2026-08-23,0.0001
2026-08-24,0.0001
2026-08-25,9.566666667e-05
2026-08-26,0.0001
2026-08-27,0.0001
2026-08-28,0.0001
2026-08-29,0.0001
2026-08-30,0.0001
2026-08-31,0.0001
2026-09-01,0.0001
2026-09-02,0.0001
2026-09-03,0.0001
2026-09-04,0.0001
2026-09-05,-6.333333333e-06
2026-09-06,9.066666667e-05
2026-09-07,0.0001
2026-09-08,8.866666667e-05
2026-09-09,0.0001
2026-09-10,0.0001
2026-09-11,9.8e-05
2026-09-12,0.0001
2026-09-13,0.0001
2026-09-14,0.0001
2026-09-15,0.0001
2026-09-16,0.0001
